Workbook

Sheet Tracker
A1: Product Design Task Tracker
A2: PMs add a row per task (columns B–I, including effort estimate in hours). Designers update columns J–M. Everything grey is automatic. Use filters rather than sorting.
B3: ① PM creates the task | J3: ② Designer updates progress | N3: ③ Auto-calculated
A4: Task ID | B4: Task Assigned | C4: Project | D4: PM (Project Lead) | E4: Designer | F4: Priority | G4: Start Date | H4: Target End Date | I4: Estimated Effort (Hrs) | J4: Status | K4: Actual End Date | L4: Revision Rounds | M4: Dependencies / Blockers | N4: TAT (Working Days) | O4: Planned (Working Days) | P4: Variance vs Plan (Days) | Q4: Delivery Status | R4: Speed Score | S4: Quality Score | T4: Task Score | U4: Hours per Working Day
A5: =IF(tblTasks[[#This Row],[Task Assigned]]="","","T-"&TEXT(ROW()-ROW(tblTasks[[#Headers],[Task ID]]),"000")) | D5: =IF(tblTasks[[#This Row],[Project]]="","",IFERROR(INDEX(Settings!$G$5:$G$34,MATCH(tblTasks[[#This Row],[Project]],Settings!$F$5:$F$34,0)),"Not mapped")) | N5: =IF(OR(tblTasks[[#This Row],[Task Assigned]]="",tblTasks[[#This Row],[Start Date]]="",AND(tblTasks[[#This Row],[Actual End Date]]="",tblTasks[[#This Row],[Start Date]]>TODAY())),"",NETWORKDAYS.INTL(tblTasks[[#This Row],[Start Date]],IF(tblTasks[[#This Row],[Actual End Date]]="",TODAY(),tblTasks[[#This Row],[Actual End Date]]),Settings!$J$19,tblHolidays[Holiday Date])) | O5: =IF(OR(tblTasks[[#This Row],[Task Assigned]]="",tblTasks[[#This Row],[Start Date]]="",tblTasks[[#This Row],[Target End Date]]="",tblTasks[[#This Row],[Target End Date]]<tblTasks[[#This Row],[Start Date]]),"",NETWORKDAYS.INTL(tblTasks[[#This Row],[Start Date]],tblTasks[[#This Row],[Target End Date]],Settings!$J$19,tblHolidays[Holiday Date])) | P5: =IF(OR(tblTasks[[#This Row],[Actual End Date]]="",tblTasks[[#This Row],[TAT (Working Days)]]="",tblTasks[[#This Row],[Planned (Working Days)]]=""),"",tblTasks[[#This Row],[TAT (Working Days)]]-tblTasks[[#This Row],[Planned (Working Days)]]) | Q5: =IF(tblTasks[[#This Row],[Task Assigned]]="","",IF(tblTasks[[#This Row],[Start Date]]="","Not Scheduled",IF(tblTasks[[#This Row],[Actual End Date]]<>"",IF(OR(tblTasks[[#This Row],[Target End Date]]="",tblTasks[[#This Row],[Actual End Date]]<=tblTasks[[#This Row],[Target End Date]]),"Done On Time","Done Late"),IF(tblTasks[[#This Row],[Status]]="Blocked","Blocked",IF(AND(tblTasks[[#This Row],[Target End Date]]<>"",TODAY()>tblTasks[[#This Row],[Target End Date]]),"Overdue",IF(tblTasks[[#This Row],[Start Date]]>TODAY(),"Scheduled","On Track")))))) | R5: =IF(OR(tblTasks[[#This Row],[Actual End Date]]="",tblTasks[[#This Row],[TAT (Working Days)]]="",tblTasks[[#This Row],[Planned (Working Days)]]=""),"",100*MIN(1,tblTasks[[#This Row],[Planned (Working Days)]]/MAX(tblTasks[[#This Row],[TAT (Working Days)]],1))) | S5: =IF(tblTasks[[#This Row],[Actual End Date]]="","",100*MAX(0,1-N(tblTasks[[#This Row],[Revision Rounds]])/Settings!$J$9)) | T5: =IF(OR(tblTasks[[#This Row],[Speed Score]]="",tblTasks[[#This Row],[Quality Score]]=""),"",(Settings!$J$5*tblTasks[[#This Row],[Speed Score]]+Settings!$J$6*tblTasks[[#This Row],[Quality Score]])/(Settings!$J$5+Settings!$J$6)) | U5: =IF(OR(tblTasks[[#This Row],[Estimated Effort (Hrs)]]="",tblTasks[[#This Row],[Planned (Working Days)]]=""),"",IF(tblTasks[[#This Row],[Planned (Working Days)]]=0,"",tblTasks[[#This Row],[Estimated Effort (Hrs)]]/tblTasks[[#This Row],[Planned (Working Days)]]))
A6: =IF(tblTasks[[#This Row],[Task Assigned]]="","","T-"&TEXT(ROW()-ROW(tblTasks[[#Headers],[Task ID]]),"000")) | D6: =IF(tblTasks[[#This Row],[Project]]="","",IFERROR(INDEX(Settings!$G$5:$G$34,MATCH(tblTasks[[#This Row],[Project]],Settings!$F$5:$F$34,0)),"Not mapped")) | N6: =IF(OR(tblTasks[[#This Row],[Task Assigned]]="",tblTasks[[#This Row],[Start Date]]="",AND(tblTasks[[#This Row],[Actual End Date]]="",tblTasks[[#This Row],[Start Date]]>TODAY())),"",NETWORKDAYS.INTL(tblTasks[[#This Row],[Start Date]],IF(tblTasks[[#This Row],[Actual End Date]]="",TODAY(),tblTasks[[#This Row],[Actual End Date]]),Settings!$J$19,tblHolidays[Holiday Date])) | O6: =IF(OR(tblTasks[[#This Row],[Task Assigned]]="",tblTasks[[#This Row],[Start Date]]="",tblTasks[[#This Row],[Target End Date]]="",tblTasks[[#This Row],[Target End Date]]<tblTasks[[#This Row],[Start Date]]),"",NETWORKDAYS.INTL(tblTasks[[#This Row],[Start Date]],tblTasks[[#This Row],[Target End Date]],Settings!$J$19,tblHolidays[Holiday Date])) | P6: =IF(OR(tblTasks[[#This Row],[Actual End Date]]="",tblTasks[[#This Row],[TAT (Working Days)]]="",tblTasks[[#This Row],[Planned (Working Days)]]=""),"",tblTasks[[#This Row],[TAT (Working Days)]]-tblTasks[[#This Row],[Planned (Working Days)]]) | Q6: =IF(tblTasks[[#This Row],[Task Assigned]]="","",IF(tblTasks[[#This Row],[Start Date]]="","Not Scheduled",IF(tblTasks[[#This Row],[Actual End Date]]<>"",IF(OR(tblTasks[[#This Row],[Target End Date]]="",tblTasks[[#This Row],[Actual End Date]]<=tblTasks[[#This Row],[Target End Date]]),"Done On Time","Done Late"),IF(tblTasks[[#This Row],[Status]]="Blocked","Blocked",IF(AND(tblTasks[[#This Row],[Target End Date]]<>"",TODAY()>tblTasks[[#This Row],[Target End Date]]),"Overdue",IF(tblTasks[[#This Row],[Start Date]]>TODAY(),"Scheduled","On Track")))))) | R6: =IF(OR(tblTasks[[#This Row],[Actual End Date]]="",tblTasks[[#This Row],[TAT (Working Days)]]="",tblTasks[[#This Row],[Planned (Working Days)]]=""),"",100*MIN(1,tblTasks[[#This Row],[Planned (Working Days)]]/MAX(tblTasks[[#This Row],[TAT (Working Days)]],1))) | S6: =IF(tblTasks[[#This Row],[Actual End Date]]="","",100*MAX(0,1-N(tblTasks[[#This Row],[Revision Rounds]])/Settings!$J$9)) | T6: =IF(OR(tblTasks[[#This Row],[Speed Score]]="",tblTasks[[#This Row],[Quality Score]]=""),"",(Settings!$J$5*tblTasks[[#This Row],[Speed Score]]+Settings!$J$6*tblTasks[[#This Row],[Quality Score]])/(Settings!$J$5+Settings!$J$6)) | U6: =IF(OR(tblTasks[[#This Row],[Estimated Effort (Hrs)]]="",tblTasks[[#This Row],[Planned (Working Days)]]=""),"",IF(tblTasks[[#This Row],[Planned (Working Days)]]=0,"",tblTasks[[#This Row],[Estimated Effort (Hrs)]]/tblTasks[[#This Row],[Planned (Working Days)]]))
A7: =IF(tblTasks[[#This Row],[Task Assigned]]="","","T-"&TEXT(ROW()-ROW(tblTasks[[#Headers],[Task ID]]),"000")) | D7: =IF(tblTasks[[#This Row],[Project]]="","",IFERROR(INDEX(Settings!$G$5:$G$34,MATCH(tblTasks[[#This Row],[Project]],Settings!$F$5:$F$34,0)),"Not mapped")) | N7: =IF(OR(tblTasks[[#This Row],[Task Assigned]]="",tblTasks[[#This Row],[Start Date]]="",AND(tblTasks[[#This Row],[Actual End Date]]="",tblTasks[[#This Row],[Start Date]]>TODAY())),"",NETWORKDAYS.INTL(tblTasks[[#This Row],[Start Date]],IF(tblTasks[[#This Row],[Actual End Date]]="",TODAY(),tblTasks[[#This Row],[Actual End Date]]),Settings!$J$19,tblHolidays[Holiday Date])) | O7: =IF(OR(tblTasks[[#This Row],[Task Assigned]]="",tblTasks[[#This Row],[Start Date]]="",tblTasks[[#This Row],[Target End Date]]="",tblTasks[[#This Row],[Target End Date]]<tblTasks[[#This Row],[Start Date]]),"",NETWORKDAYS.INTL(tblTasks[[#This Row],[Start Date]],tblTasks[[#This Row],[Target End Date]],Settings!$J$19,tblHolidays[Holiday Date])) | P7: =IF(OR(tblTasks[[#This Row],[Actual End Date]]="",tblTasks[[#This Row],[TAT (Working Days)]]="",tblTasks[[#This Row],[Planned (Working Days)]]=""),"",tblTasks[[#This Row],[TAT (Working Days)]]-tblTasks[[#This Row],[Planned (Working Days)]]) | Q7: =IF(tblTasks[[#This Row],[Task Assigned]]="","",IF(tblTasks[[#This Row],[Start Date]]="","Not Scheduled",IF(tblTasks[[#This Row],[Actual End Date]]<>"",IF(OR(tblTasks[[#This Row],[Target End Date]]="",tblTasks[[#This Row],[Actual End Date]]<=tblTasks[[#This Row],[Target End Date]]),"Done On Time","Done Late"),IF(tblTasks[[#This Row],[Status]]="Blocked","Blocked",IF(AND(tblTasks[[#This Row],[Target End Date]]<>"",TODAY()>tblTasks[[#This Row],[Target End Date]]),"Overdue",IF(tblTasks[[#This Row],[Start Date]]>TODAY(),"Scheduled","On Track")))))) | R7: =IF(OR(tblTasks[[#This Row],[Actual End Date]]="",tblTasks[[#This Row],[TAT (Working Days)]]="",tblTasks[[#This Row],[Planned (Working Days)]]=""),"",100*MIN(1,tblTasks[[#This Row],[Planned (Working Days)]]/MAX(tblTasks[[#This Row],[TAT (Working Days)]],1))) | S7: =IF(tblTasks[[#This Row],[Actual End Date]]="","",100*MAX(0,1-N(tblTasks[[#This Row],[Revision Rounds]])/Settings!$J$9)) | T7: =IF(OR(tblTasks[[#This Row],[Speed Score]]="",tblTasks[[#This Row],[Quality Score]]=""),"",(Settings!$J$5*tblTasks[[#This Row],[Speed Score]]+Settings!$J$6*tblTasks[[#This Row],[Quality Score]])/(Settings!$J$5+Settings!$J$6)) | U7: =IF(OR(tblTasks[[#This Row],[Estimated Effort (Hrs)]]="",tblTasks[[#This Row],[Planned (Working Days)]]=""),"",IF(tblTasks[[#This Row],[Planned (Working Days)]]=0,"",tblTasks[[#This Row],[Estimated Effort (Hrs)]]/tblTasks[[#This Row],[Planned (Working Days)]]))
A8: =IF(tblTasks[[#This Row],[Task Assigned]]="","","T-"&TEXT(ROW()-ROW(tblTasks[[#Headers],[Task ID]]),"000")) | D8: =IF(tblTasks[[#This Row],[Project]]="","",IFERROR(INDEX(Settings!$G$5:$G$34,MATCH(tblTasks[[#This Row],[Project]],Settings!$F$5:$F$34,0)),"Not mapped")) | N8: =IF(OR(tblTasks[[#This Row],[Task Assigned]]="",tblTasks[[#This Row],[Start Date]]="",AND(tblTasks[[#This Row],[Actual End Date]]="",tblTasks[[#This Row],[Start Date]]>TODAY())),"",NETWORKDAYS.INTL(tblTasks[[#This Row],[Start Date]],IF(tblTasks[[#This Row],[Actual End Date]]="",TODAY(),tblTasks[[#This Row],[Actual End Date]]),Settings!$J$19,tblHolidays[Holiday Date])) | O8: =IF(OR(tblTasks[[#This Row],[Task Assigned]]="",tblTasks[[#This Row],[Start Date]]="",tblTasks[[#This Row],[Target End Date]]="",tblTasks[[#This Row],[Target End Date]]<tblTasks[[#This Row],[Start Date]]),"",NETWORKDAYS.INTL(tblTasks[[#This Row],[Start Date]],tblTasks[[#This Row],[Target End Date]],Settings!$J$19,tblHolidays[Holiday Date])) | P8: =IF(OR(tblTasks[[#This Row],[Actual End Date]]="",tblTasks[[#This Row],[TAT (Working Days)]]="",tblTasks[[#This Row],[Planned (Working Days)]]=""),"",tblTasks[[#This Row],[TAT (Working Days)]]-tblTasks[[#This Row],[Planned (Working Days)]]) | Q8: =IF(tblTasks[[#This Row],[Task Assigned]]="","",IF(tblTasks[[#This Row],[Start Date]]="","Not Scheduled",IF(tblTasks[[#This Row],[Actual End Date]]<>"",IF(OR(tblTasks[[#This Row],[Target End Date]]="",tblTasks[[#This Row],[Actual End Date]]<=tblTasks[[#This Row],[Target End Date]]),"Done On Time","Done Late"),IF(tblTasks[[#This Row],[Status]]="Blocked","Blocked",IF(AND(tblTasks[[#This Row],[Target End Date]]<>"",TODAY()>tblTasks[[#This Row],[Target End Date]]),"Overdue",IF(tblTasks[[#This Row],[Start Date]]>TODAY(),"Scheduled","On Track")))))) | R8: =IF(OR(tblTasks[[#This Row],[Actual End Date]]="",tblTasks[[#This Row],[TAT (Working Days)]]="",tblTasks[[#This Row],[Planned (Working Days)]]=""),"",100*MIN(1,tblTasks[[#This Row],[Planned (Working Days)]]/MAX(tblTasks[[#This Row],[TAT (Working Days)]],1))) | S8: =IF(tblTasks[[#This Row],[Actual End Date]]="","",100*MAX(0,1-N(tblTasks[[#This Row],[Revision Rounds]])/Settings!$J$9)) | T8: =IF(OR(tblTasks[[#This Row],[Speed Score]]="",tblTasks[[#This Row],[Quality Score]]=""),"",(Settings!$J$5*tblTasks[[#This Row],[Speed Score]]+Settings!$J$6*tblTasks[[#This Row],[Quality Score]])/(Settings!$J$5+Settings!$J$6)) | U8: =IF(OR(tblTasks[[#This Row],[Estimated Effort (Hrs)]]="",tblTasks[[#This Row],[Planned (Working Days)]]=""),"",IF(tblTasks[[#This Row],[Planned (Working Days)]]=0,"",tblTasks[[#This Row],[Estimated Effort (Hrs)]]/tblTasks[[#This Row],[Planned (Working Days)]]))
A9: =IF(tblTasks[[#This Row],[Task Assigned]]="","","T-"&TEXT(ROW()-ROW(tblTasks[[#Headers],[Task ID]]),"000")) | D9: =IF(tblTasks[[#This Row],[Project]]="","",IFERROR(INDEX(Settings!$G$5:$G$34,MATCH(tblTasks[[#This Row],[Project]],Settings!$F$5:$F$34,0)),"Not mapped")) | N9: =IF(OR(tblTasks[[#This Row],[Task Assigned]]="",tblTasks[[#This Row],[Start Date]]="",AND(tblTasks[[#This Row],[Actual End Date]]="",tblTasks[[#This Row],[Start Date]]>TODAY())),"",NETWORKDAYS.INTL(tblTasks[[#This Row],[Start Date]],IF(tblTasks[[#This Row],[Actual End Date]]="",TODAY(),tblTasks[[#This Row],[Actual End Date]]),Settings!$J$19,tblHolidays[Holiday Date])) | O9: =IF(OR(tblTasks[[#This Row],[Task Assigned]]="",tblTasks[[#This Row],[Start Date]]="",tblTasks[[#This Row],[Target End Date]]="",tblTasks[[#This Row],[Target End Date]]<tblTasks[[#This Row],[Start Date]]),"",NETWORKDAYS.INTL(tblTasks[[#This Row],[Start Date]],tblTasks[[#This Row],[Target End Date]],Settings!$J$19,tblHolidays[Holiday Date])) | P9: =IF(OR(tblTasks[[#This Row],[Actual End Date]]="",tblTasks[[#This Row],[TAT (Working Days)]]="",tblTasks[[#This Row],[Planned (Working Days)]]=""),"",tblTasks[[#This Row],[TAT (Working Days)]]-tblTasks[[#This Row],[Planned (Working Days)]]) | Q9: =IF(tblTasks[[#This Row],[Task Assigned]]="","",IF(tblTasks[[#This Row],[Start Date]]="","Not Scheduled",IF(tblTasks[[#This Row],[Actual End Date]]<>"",IF(OR(tblTasks[[#This Row],[Target End Date]]="",tblTasks[[#This Row],[Actual End Date]]<=tblTasks[[#This Row],[Target End Date]]),"Done On Time","Done Late"),IF(tblTasks[[#This Row],[Status]]="Blocked","Blocked",IF(AND(tblTasks[[#This Row],[Target End Date]]<>"",TODAY()>tblTasks[[#This Row],[Target End Date]]),"Overdue",IF(tblTasks[[#This Row],[Start Date]]>TODAY(),"Scheduled","On Track")))))) | R9: =IF(OR(tblTasks[[#This Row],[Actual End Date]]="",tblTasks[[#This Row],[TAT (Working Days)]]="",tblTasks[[#This Row],[Planned (Working Days)]]=""),"",100*MIN(1,tblTasks[[#This Row],[Planned (Working Days)]]/MAX(tblTasks[[#This Row],[TAT (Working Days)]],1))) | S9: =IF(tblTasks[[#This Row],[Actual End Date]]="","",100*MAX(0,1-N(tblTasks[[#This Row],[Revision Rounds]])/Settings!$J$9)) | T9: =IF(OR(tblTasks[[#This Row],[Speed Score]]="",tblTasks[[#This Row],[Quality Score]]=""),"",(Settings!$J$5*tblTasks[[#This Row],[Speed Score]]+Settings!$J$6*tblTasks[[#This Row],[Quality Score]])/(Settings!$J$5+Settings!$J$6)) | U9: =IF(OR(tblTasks[[#This Row],[Estimated Effort (Hrs)]]="",tblTasks[[#This Row],[Planned (Working Days)]]=""),"",IF(tblTasks[[#This Row],[Planned (Working Days)]]=0,"",tblTasks[[#This Row],[Estimated Effort (Hrs)]]/tblTasks[[#This Row],[Planned (Working Days)]]))
A10: =IF(tblTasks[[#This Row],[Task Assigned]]="","","T-"&TEXT(ROW()-ROW(tblTasks[[#Headers],[Task ID]]),"000")) | D10: =IF(tblTasks[[#This Row],[Project]]="","",IFERROR(INDEX(Settings!$G$5:$G$34,MATCH(tblTasks[[#This Row],[Project]],Settings!$F$5:$F$34,0)),"Not mapped")) | N10: =IF(OR(tblTasks[[#This Row],[Task Assigned]]="",tblTasks[[#This Row],[Start Date]]="",AND(tblTasks[[#This Row],[Actual End Date]]="",tblTasks[[#This Row],[Start Date]]>TODAY())),"",NETWORKDAYS.INTL(tblTasks[[#This Row],[Start Date]],IF(tblTasks[[#This Row],[Actual End Date]]="",TODAY(),tblTasks[[#This Row],[Actual End Date]]),Settings!$J$19,tblHolidays[Holiday Date])) | O10: =IF(OR(tblTasks[[#This Row],[Task Assigned]]="",tblTasks[[#This Row],[Start Date]]="",tblTasks[[#This Row],[Target End Date]]="",tblTasks[[#This Row],[Target End Date]]<tblTasks[[#This Row],[Start Date]]),"",NETWORKDAYS.INTL(tblTasks[[#This Row],[Start Date]],tblTasks[[#This Row],[Target End Date]],Settings!$J$19,tblHolidays[Holiday Date])) | P10: =IF(OR(tblTasks[[#This Row],[Actual End Date]]="",tblTasks[[#This Row],[TAT (Working Days)]]="",tblTasks[[#This Row],[Planned (Working Days)]]=""),"",tblTasks[[#This Row],[TAT (Working Days)]]-tblTasks[[#This Row],[Planned (Working Days)]]) | Q10: =IF(tblTasks[[#This Row],[Task Assigned]]="","",IF(tblTasks[[#This Row],[Start Date]]="","Not Scheduled",IF(tblTasks[[#This Row],[Actual End Date]]<>"",IF(OR(tblTasks[[#This Row],[Target End Date]]="",tblTasks[[#This Row],[Actual End Date]]<=tblTasks[[#This Row],[Target End Date]]),"Done On Time","Done Late"),IF(tblTasks[[#This Row],[Status]]="Blocked","Blocked",IF(AND(tblTasks[[#This Row],[Target End Date]]<>"",TODAY()>tblTasks[[#This Row],[Target End Date]]),"Overdue",IF(tblTasks[[#This Row],[Start Date]]>TODAY(),"Scheduled","On Track")))))) | R10: =IF(OR(tblTasks[[#This Row],[Actual End Date]]="",tblTasks[[#This Row],[TAT (Working Days)]]="",tblTasks[[#This Row],[Planned (Working Days)]]=""),"",100*MIN(1,tblTasks[[#This Row],[Planned (Working Days)]]/MAX(tblTasks[[#This Row],[TAT (Working Days)]],1))) | S10: =IF(tblTasks[[#This Row],[Actual End Date]]="","",100*MAX(0,1-N(tblTasks[[#This Row],[Revision Rounds]])/Settings!$J$9)) | T10: =IF(OR(tblTasks[[#This Row],[Speed Score]]="",tblTasks[[#This Row],[Quality Score]]=""),"",(Settings!$J$5*tblTasks[[#This Row],[Speed Score]]+Settings!$J$6*tblTasks[[#This Row],[Quality Score]])/(Settings!$J$5+Settings!$J$6)) | U10: =IF(OR(tblTasks[[#This Row],[Estimated Effort (Hrs)]]="",tblTasks[[#This Row],[Planned (Working Days)]]=""),"",IF(tblTasks[[#This Row],[Planned (Working Days)]]=0,"",tblTasks[[#This Row],[Estimated Effort (Hrs)]]/tblTasks[[#This Row],[Planned (Working Days)]]))
A11: =IF(tblTasks[[#This Row],[Task Assigned]]="","","T-"&TEXT(ROW()-ROW(tblTasks[[#Headers],[Task ID]]),"000")) | D11: =IF(tblTasks[[#This Row],[Project]]="","",IFERROR(INDEX(Settings!$G$5:$G$34,MATCH(tblTasks[[#This Row],[Project]],Settings!$F$5:$F$34,0)),"Not mapped")) | N11: =IF(OR(tblTasks[[#This Row],[Task Assigned]]="",tblTasks[[#This Row],[Start Date]]="",AND(tblTasks[[#This Row],[Actual End Date]]="",tblTasks[[#This Row],[Start Date]]>TODAY())),"",NETWORKDAYS.INTL(tblTasks[[#This Row],[Start Date]],IF(tblTasks[[#This Row],[Actual End Date]]="",TODAY(),tblTasks[[#This Row],[Actual End Date]]),Settings!$J$19,tblHolidays[Holiday Date])) | O11: =IF(OR(tblTasks[[#This Row],[Task Assigned]]="",tblTasks[[#This Row],[Start Date]]="",tblTasks[[#This Row],[Target End Date]]="",tblTasks[[#This Row],[Target End Date]]<tblTasks[[#This Row],[Start Date]]),"",NETWORKDAYS.INTL(tblTasks[[#This Row],[Start Date]],tblTasks[[#This Row],[Target End Date]],Settings!$J$19,tblHolidays[Holiday Date])) | P11: =IF(OR(tblTasks[[#This Row],[Actual End Date]]="",tblTasks[[#This Row],[TAT (Working Days)]]="",tblTasks[[#This Row],[Planned (Working Days)]]=""),"",tblTasks[[#This Row],[TAT (Working Days)]]-tblTasks[[#This Row],[Planned (Working Days)]]) | Q11: =IF(tblTasks[[#This Row],[Task Assigned]]="","",IF(tblTasks[[#This Row],[Start Date]]="","Not Scheduled",IF(tblTasks[[#This Row],[Actual End Date]]<>"",IF(OR(tblTasks[[#This Row],[Target End Date]]="",tblTasks[[#This Row],[Actual End Date]]<=tblTasks[[#This Row],[Target End Date]]),"Done On Time","Done Late"),IF(tblTasks[[#This Row],[Status]]="Blocked","Blocked",IF(AND(tblTasks[[#This Row],[Target End Date]]<>"",TODAY()>tblTasks[[#This Row],[Target End Date]]),"Overdue",IF(tblTasks[[#This Row],[Start Date]]>TODAY(),"Scheduled","On Track")))))) | R11: =IF(OR(tblTasks[[#This Row],[Actual End Date]]="",tblTasks[[#This Row],[TAT (Working Days)]]="",tblTasks[[#This Row],[Planned (Working Days)]]=""),"",100*MIN(1,tblTasks[[#This Row],[Planned (Working Days)]]/MAX(tblTasks[[#This Row],[TAT (Working Days)]],1))) | S11: =IF(tblTasks[[#This Row],[Actual End Date]]="","",100*MAX(0,1-N(tblTasks[[#This Row],[Revision Rounds]])/Settings!$J$9)) | T11: =IF(OR(tblTasks[[#This Row],[Speed Score]]="",tblTasks[[#This Row],[Quality Score]]=""),"",(Settings!$J$5*tblTasks[[#This Row],[Speed Score]]+Settings!$J$6*tblTasks[[#This Row],[Quality Score]])/(Settings!$J$5+Settings!$J$6)) | U11: =IF(OR(tblTasks[[#This Row],[Estimated Effort (Hrs)]]="",tblTasks[[#This Row],[Planned (Working Days)]]=""),"",IF(tblTasks[[#This Row],[Planned (Working Days)]]=0,"",tblTasks[[#This Row],[Estimated Effort (Hrs)]]/tblTasks[[#This Row],[Planned (Working Days)]]))
A12: =IF(tblTasks[[#This Row],[Task Assigned]]="","","T-"&TEXT(ROW()-ROW(tblTasks[[#Headers],[Task ID]]),"000")) | D12: =IF(tblTasks[[#This Row],[Project]]="","",IFERROR(INDEX(Settings!$G$5:$G$34,MATCH(tblTasks[[#This Row],[Project]],Settings!$F$5:$F$34,0)),"Not mapped")) | N12: =IF(OR(tblTasks[[#This Row],[Task Assigned]]="",tblTasks[[#This Row],[Start Date]]="",AND(tblTasks[[#This Row],[Actual End Date]]="",tblTasks[[#This Row],[Start Date]]>TODAY())),"",NETWORKDAYS.INTL(tblTasks[[#This Row],[Start Date]],IF(tblTasks[[#This Row],[Actual End Date]]="",TODAY(),tblTasks[[#This Row],[Actual End Date]]),Settings!$J$19,tblHolidays[Holiday Date])) | O12: =IF(OR(tblTasks[[#This Row],[Task Assigned]]="",tblTasks[[#This Row],[Start Date]]="",tblTasks[[#This Row],[Target End Date]]="",tblTasks[[#This Row],[Target End Date]]<tblTasks[[#This Row],[Start Date]]),"",NETWORKDAYS.INTL(tblTasks[[#This Row],[Start Date]],tblTasks[[#This Row],[Target End Date]],Settings!$J$19,tblHolidays[Holiday Date])) | P12: =IF(OR(tblTasks[[#This Row],[Actual End Date]]="",tblTasks[[#This Row],[TAT (Working Days)]]="",tblTasks[[#This Row],[Planned (Working Days)]]=""),"",tblTasks[[#This Row],[TAT (Working Days)]]-tblTasks[[#This Row],[Planned (Working Days)]]) | Q12: =IF(tblTasks[[#This Row],[Task Assigned]]="","",IF(tblTasks[[#This Row],[Start Date]]="","Not Scheduled",IF(tblTasks[[#This Row],[Actual End Date]]<>"",IF(OR(tblTasks[[#This Row],[Target End Date]]="",tblTasks[[#This Row],[Actual End Date]]<=tblTasks[[#This Row],[Target End Date]]),"Done On Time","Done Late"),IF(tblTasks[[#This Row],[Status]]="Blocked","Blocked",IF(AND(tblTasks[[#This Row],[Target End Date]]<>"",TODAY()>tblTasks[[#This Row],[Target End Date]]),"Overdue",IF(tblTasks[[#This Row],[Start Date]]>TODAY(),"Scheduled","On Track")))))) | R12: =IF(OR(tblTasks[[#This Row],[Actual End Date]]="",tblTasks[[#This Row],[TAT (Working Days)]]="",tblTasks[[#This Row],[Planned (Working Days)]]=""),"",100*MIN(1,tblTasks[[#This Row],[Planned (Working Days)]]/MAX(tblTasks[[#This Row],[TAT (Working Days)]],1))) | S12: =IF(tblTasks[[#This Row],[Actual End Date]]="","",100*MAX(0,1-N(tblTasks[[#This Row],[Revision Rounds]])/Settings!$J$9)) | T12: =IF(OR(tblTasks[[#This Row],[Speed Score]]="",tblTasks[[#This Row],[Quality Score]]=""),"",(Settings!$J$5*tblTasks[[#This Row],[Speed Score]]+Settings!$J$6*tblTasks[[#This Row],[Quality Score]])/(Settings!$J$5+Settings!$J$6)) | U12: =IF(OR(tblTasks[[#This Row],[Estimated Effort (Hrs)]]="",tblTasks[[#This Row],[Planned (Working Days)]]=""),"",IF(tblTasks[[#This Row],[Planned (Working Days)]]=0,"",tblTasks[[#This Row],[Estimated Effort (Hrs)]]/tblTasks[[#This Row],[Planned (Working Days)]]))
A13: =IF(tblTasks[[#This Row],[Task Assigned]]="","","T-"&TEXT(ROW()-ROW(tblTasks[[#Headers],[Task ID]]),"000")) | D13: =IF(tblTasks[[#This Row],[Project]]="","",IFERROR(INDEX(Settings!$G$5:$G$34,MATCH(tblTasks[[#This Row],[Project]],Settings!$F$5:$F$34,0)),"Not mapped")) | N13: =IF(OR(tblTasks[[#This Row],[Task Assigned]]="",tblTasks[[#This Row],[Start Date]]="",AND(tblTasks[[#This Row],[Actual End Date]]="",tblTasks[[#This Row],[Start Date]]>TODAY())),"",NETWORKDAYS.INTL(tblTasks[[#This Row],[Start Date]],IF(tblTasks[[#This Row],[Actual End Date]]="",TODAY(),tblTasks[[#This Row],[Actual End Date]]),Settings!$J$19,tblHolidays[Holiday Date])) | O13: =IF(OR(tblTasks[[#This Row],[Task Assigned]]="",tblTasks[[#This Row],[Start Date]]="",tblTasks[[#This Row],[Target End Date]]="",tblTasks[[#This Row],[Target End Date]]<tblTasks[[#This Row],[Start Date]]),"",NETWORKDAYS.INTL(tblTasks[[#This Row],[Start Date]],tblTasks[[#This Row],[Target End Date]],Settings!$J$19,tblHolidays[Holiday Date])) | P13: =IF(OR(tblTasks[[#This Row],[Actual End Date]]="",tblTasks[[#This Row],[TAT (Working Days)]]="",tblTasks[[#This Row],[Planned (Working Days)]]=""),"",tblTasks[[#This Row],[TAT (Working Days)]]-tblTasks[[#This Row],[Planned (Working Days)]]) | Q13: =IF(tblTasks[[#This Row],[Task Assigned]]="","",IF(tblTasks[[#This Row],[Start Date]]="","Not Scheduled",IF(tblTasks[[#This Row],[Actual End Date]]<>"",IF(OR(tblTasks[[#This Row],[Target End Date]]="",tblTasks[[#This Row],[Actual End Date]]<=tblTasks[[#This Row],[Target End Date]]),"Done On Time","Done Late"),IF(tblTasks[[#This Row],[Status]]="Blocked","Blocked",IF(AND(tblTasks[[#This Row],[Target End Date]]<>"",TODAY()>tblTasks[[#This Row],[Target End Date]]),"Overdue",IF(tblTasks[[#This Row],[Start Date]]>TODAY(),"Scheduled","On Track")))))) | R13: =IF(OR(tblTasks[[#This Row],[Actual End Date]]="",tblTasks[[#This Row],[TAT (Working Days)]]="",tblTasks[[#This Row],[Planned (Working Days)]]=""),"",100*MIN(1,tblTasks[[#This Row],[Planned (Working Days)]]/MAX(tblTasks[[#This Row],[TAT (Working Days)]],1))) | S13: =IF(tblTasks[[#This Row],[Actual End Date]]="","",100*MAX(0,1-N(tblTasks[[#This Row],[Revision Rounds]])/Settings!$J$9)) | T13: =IF(OR(tblTasks[[#This Row],[Speed Score]]="",tblTasks[[#This Row],[Quality Score]]=""),"",(Settings!$J$5*tblTasks[[#This Row],[Speed Score]]+Settings!$J$6*tblTasks[[#This Row],[Quality Score]])/(Settings!$J$5+Settings!$J$6)) | U13: =IF(OR(tblTasks[[#This Row],[Estimated Effort (Hrs)]]="",tblTasks[[#This Row],[Planned (Working Days)]]=""),"",IF(tblTasks[[#This Row],[Planned (Working Days)]]=0,"",tblTasks[[#This Row],[Estimated Effort (Hrs)]]/tblTasks[[#This Row],[Planned (Working Days)]]))
A14: =IF(tblTasks[[#This Row],[Task Assigned]]="","","T-"&TEXT(ROW()-ROW(tblTasks[[#Headers],[Task ID]]),"000")) | D14: =IF(tblTasks[[#This Row],[Project]]="","",IFERROR(INDEX(Settings!$G$5:$G$34,MATCH(tblTasks[[#This Row],[Project]],Settings!$F$5:$F$34,0)),"Not mapped")) | N14: =IF(OR(tblTasks[[#This Row],[Task Assigned]]="",tblTasks[[#This Row],[Start Date]]="",AND(tblTasks[[#This Row],[Actual End Date]]="",tblTasks[[#This Row],[Start Date]]>TODAY())),"",NETWORKDAYS.INTL(tblTasks[[#This Row],[Start Date]],IF(tblTasks[[#This Row],[Actual End Date]]="",TODAY(),tblTasks[[#This Row],[Actual End Date]]),Settings!$J$19,tblHolidays[Holiday Date])) | O14: =IF(OR(tblTasks[[#This Row],[Task Assigned]]="",tblTasks[[#This Row],[Start Date]]="",tblTasks[[#This Row],[Target End Date]]="",tblTasks[[#This Row],[Target End Date]]<tblTasks[[#This Row],[Start Date]]),"",NETWORKDAYS.INTL(tblTasks[[#This Row],[Start Date]],tblTasks[[#This Row],[Target End Date]],Settings!$J$19,tblHolidays[Holiday Date])) | P14: =IF(OR(tblTasks[[#This Row],[Actual End Date]]="",tblTasks[[#This Row],[TAT (Working Days)]]="",tblTasks[[#This Row],[Planned (Working Days)]]=""),"",tblTasks[[#This Row],[TAT (Working Days)]]-tblTasks[[#This Row],[Planned (Working Days)]]) | Q14: =IF(tblTasks[[#This Row],[Task Assigned]]="","",IF(tblTasks[[#This Row],[Start Date]]="","Not Scheduled",IF(tblTasks[[#This Row],[Actual End Date]]<>"",IF(OR(tblTasks[[#This Row],[Target End Date]]="",tblTasks[[#This Row],[Actual End Date]]<=tblTasks[[#This Row],[Target End Date]]),"Done On Time","Done Late"),IF(tblTasks[[#This Row],[Status]]="Blocked","Blocked",IF(AND(tblTasks[[#This Row],[Target End Date]]<>"",TODAY()>tblTasks[[#This Row],[Target End Date]]),"Overdue",IF(tblTasks[[#This Row],[Start Date]]>TODAY(),"Scheduled","On Track")))))) | R14: =IF(OR(tblTasks[[#This Row],[Actual End Date]]="",tblTasks[[#This Row],[TAT (Working Days)]]="",tblTasks[[#This Row],[Planned (Working Days)]]=""),"",100*MIN(1,tblTasks[[#This Row],[Planned (Working Days)]]/MAX(tblTasks[[#This Row],[TAT (Working Days)]],1))) | S14: =IF(tblTasks[[#This Row],[Actual End Date]]="","",100*MAX(0,1-N(tblTasks[[#This Row],[Revision Rounds]])/Settings!$J$9)) | T14: =IF(OR(tblTasks[[#This Row],[Speed Score]]="",tblTasks[[#This Row],[Quality Score]]=""),"",(Settings!$J$5*tblTasks[[#This Row],[Speed Score]]+Settings!$J$6*tblTasks[[#This Row],[Quality Score]])/(Settings!$J$5+Settings!$J$6)) | U14: =IF(OR(tblTasks[[#This Row],[Estimated Effort (Hrs)]]="",tblTasks[[#This Row],[Planned (Working Days)]]=""),"",IF(tblTasks[[#This Row],[Planned (Working Days)]]=0,"",tblTasks[[#This Row],[Estimated Effort (Hrs)]]/tblTasks[[#This Row],[Planned (Working Days)]]))
A15: =IF(tblTasks[[#This Row],[Task Assigned]]="","","T-"&TEXT(ROW()-ROW(tblTasks[[#Headers],[Task ID]]),"000")) | D15: =IF(tblTasks[[#This Row],[Project]]="","",IFERROR(INDEX(Settings!$G$5:$G$34,MATCH(tblTasks[[#This Row],[Project]],Settings!$F$5:$F$34,0)),"Not mapped")) | N15: =IF(OR(tblTasks[[#This Row],[Task Assigned]]="",tblTasks[[#This Row],[Start Date]]="",AND(tblTasks[[#This Row],[Actual End Date]]="",tblTasks[[#This Row],[Start Date]]>TODAY())),"",NETWORKDAYS.INTL(tblTasks[[#This Row],[Start Date]],IF(tblTasks[[#This Row],[Actual End Date]]="",TODAY(),tblTasks[[#This Row],[Actual End Date]]),Settings!$J$19,tblHolidays[Holiday Date])) | O15: =IF(OR(tblTasks[[#This Row],[Task Assigned]]="",tblTasks[[#This Row],[Start Date]]="",tblTasks[[#This Row],[Target End Date]]="",tblTasks[[#This Row],[Target End Date]]<tblTasks[[#This Row],[Start Date]]),"",NETWORKDAYS.INTL(tblTasks[[#This Row],[Start Date]],tblTasks[[#This Row],[Target End Date]],Settings!$J$19,tblHolidays[Holiday Date])) | P15: =IF(OR(tblTasks[[#This Row],[Actual End Date]]="",tblTasks[[#This Row],[TAT (Working Days)]]="",tblTasks[[#This Row],[Planned (Working Days)]]=""),"",tblTasks[[#This Row],[TAT (Working Days)]]-tblTasks[[#This Row],[Planned (Working Days)]]) | Q15: =IF(tblTasks[[#This Row],[Task Assigned]]="","",IF(tblTasks[[#This Row],[Start Date]]="","Not Scheduled",IF(tblTasks[[#This Row],[Actual End Date]]<>"",IF(OR(tblTasks[[#This Row],[Target End Date]]="",tblTasks[[#This Row],[Actual End Date]]<=tblTasks[[#This Row],[Target End Date]]),"Done On Time","Done Late"),IF(tblTasks[[#This Row],[Status]]="Blocked","Blocked",IF(AND(tblTasks[[#This Row],[Target End Date]]<>"",TODAY()>tblTasks[[#This Row],[Target End Date]]),"Overdue",IF(tblTasks[[#This Row],[Start Date]]>TODAY(),"Scheduled","On Track")))))) | R15: =IF(OR(tblTasks[[#This Row],[Actual End Date]]="",tblTasks[[#This Row],[TAT (Working Days)]]="",tblTasks[[#This Row],[Planned (Working Days)]]=""),"",100*MIN(1,tblTasks[[#This Row],[Planned (Working Days)]]/MAX(tblTasks[[#This Row],[TAT (Working Days)]],1))) | S15: =IF(tblTasks[[#This Row],[Actual End Date]]="","",100*MAX(0,1-N(tblTasks[[#This Row],[Revision Rounds]])/Settings!$J$9)) | T15: =IF(OR(tblTasks[[#This Row],[Speed Score]]="",tblTasks[[#This Row],[Quality Score]]=""),"",(Settings!$J$5*tblTasks[[#This Row],[Speed Score]]+Settings!$J$6*tblTasks[[#This Row],[Quality Score]])/(Settings!$J$5+Settings!$J$6)) | U15: =IF(OR(tblTasks[[#This Row],[Estimated Effort (Hrs)]]="",tblTasks[[#This Row],[Planned (Working Days)]]=""),"",IF(tblTasks[[#This Row],[Planned (Working Days)]]=0,"",tblTasks[[#This Row],[Estimated Effort (Hrs)]]/tblTasks[[#This Row],[Planned (Working Days)]]))
A16: =IF(tblTasks[[#This Row],[Task Assigned]]="","","T-"&TEXT(ROW()-ROW(tblTasks[[#Headers],[Task ID]]),"000")) | D16: =IF(tblTasks[[#This Row],[Project]]="","",IFERROR(INDEX(Settings!$G$5:$G$34,MATCH(tblTasks[[#This Row],[Project]],Settings!$F$5:$F$34,0)),"Not mapped")) | N16: =IF(OR(tblTasks[[#This Row],[Task Assigned]]="",tblTasks[[#This Row],[Start Date]]="",AND(tblTasks[[#This Row],[Actual End Date]]="",tblTasks[[#This Row],[Start Date]]>TODAY())),"",NETWORKDAYS.INTL(tblTasks[[#This Row],[Start Date]],IF(tblTasks[[#This Row],[Actual End Date]]="",TODAY(),tblTasks[[#This Row],[Actual End Date]]),Settings!$J$19,tblHolidays[Holiday Date])) | O16: =IF(OR(tblTasks[[#This Row],[Task Assigned]]="",tblTasks[[#This Row],[Start Date]]="",tblTasks[[#This Row],[Target End Date]]="",tblTasks[[#This Row],[Target End Date]]<tblTasks[[#This Row],[Start Date]]),"",NETWORKDAYS.INTL(tblTasks[[#This Row],[Start Date]],tblTasks[[#This Row],[Target End Date]],Settings!$J$19,tblHolidays[Holiday Date])) | P16: =IF(OR(tblTasks[[#This Row],[Actual End Date]]="",tblTasks[[#This Row],[TAT (Working Days)]]="",tblTasks[[#This Row],[Planned (Working Days)]]=""),"",tblTasks[[#This Row],[TAT (Working Days)]]-tblTasks[[#This Row],[Planned (Working Days)]]) | Q16: =IF(tblTasks[[#This Row],[Task Assigned]]="","",IF(tblTasks[[#This Row],[Start Date]]="","Not Scheduled",IF(tblTasks[[#This Row],[Actual End Date]]<>"",IF(OR(tblTasks[[#This Row],[Target End Date]]="",tblTasks[[#This Row],[Actual End Date]]<=tblTasks[[#This Row],[Target End Date]]),"Done On Time","Done Late"),IF(tblTasks[[#This Row],[Status]]="Blocked","Blocked",IF(AND(tblTasks[[#This Row],[Target End Date]]<>"",TODAY()>tblTasks[[#This Row],[Target End Date]]),"Overdue",IF(tblTasks[[#This Row],[Start Date]]>TODAY(),"Scheduled","On Track")))))) | R16: =IF(OR(tblTasks[[#This Row],[Actual End Date]]="",tblTasks[[#This Row],[TAT (Working Days)]]="",tblTasks[[#This Row],[Planned (Working Days)]]=""),"",100*MIN(1,tblTasks[[#This Row],[Planned (Working Days)]]/MAX(tblTasks[[#This Row],[TAT (Working Days)]],1))) | S16: =IF(tblTasks[[#This Row],[Actual End Date]]="","",100*MAX(0,1-N(tblTasks[[#This Row],[Revision Rounds]])/Settings!$J$9)) | T16: =IF(OR(tblTasks[[#This Row],[Speed Score]]="",tblTasks[[#This Row],[Quality Score]]=""),"",(Settings!$J$5*tblTasks[[#This Row],[Speed Score]]+Settings!$J$6*tblTasks[[#This Row],[Quality Score]])/(Settings!$J$5+Settings!$J$6)) | U16: =IF(OR(tblTasks[[#This Row],[Estimated Effort (Hrs)]]="",tblTasks[[#This Row],[Planned (Working Days)]]=""),"",IF(tblTasks[[#This Row],[Planned (Working Days)]]=0,"",tblTasks[[#This Row],[Estimated Effort (Hrs)]]/tblTasks[[#This Row],[Planned (Working Days)]]))
... A54: =IF(tblTasks[[#This Row],[Task Assigned]]="","","T-"&TEXT(ROW()-ROW(tblTasks[[#Headers],[Task ID]]),"000")) | D54: =IF(tblTasks[[#This Row],[Project]]="","",IFERROR(INDEX(Settings!$G$5:$G$34,MATCH(tblTasks[[#This Row],[Project]],Settings!$F$5:$F$34,0)),"Not mapped")) | N54: =IF(OR(tblTasks[[#This Row],[Task Assigned]]="",tblTasks[[#This Row],[Start Date]]="",AND(tblTasks[[#This Row],[Actual End Date]]="",tblTasks[[#This Row],[Start Date]]>TODAY())),"",NETWORKDAYS.INTL(tblTasks[[#This Row],[Start Date]],IF(tblTasks[[#This Row],[Actual End Date]]="",TODAY(),tblTasks[[#This Row],[Actual End Date]]),Settings!$J$19,tblHolidays[Holiday Date])) | O54: =IF(OR(tblTasks[[#This Row],[Task Assigned]]="",tblTasks[[#This Row],[Start Date]]="",tblTasks[[#This Row],[Target End Date]]="",tblTasks[[#This Row],[Target End Date]]<tblTasks[[#This Row],[Start Date]]),"",NETWORKDAYS.INTL(tblTasks[[#This Row],[Start Date]],tblTasks[[#This Row],[Target End Date]],Settings!$J$19,tblHolidays[Holiday Date])) | P54: =IF(OR(tblTasks[[#This Row],[Actual End Date]]="",tblTasks[[#This Row],[TAT (Working Days)]]="",tblTasks[[#This Row],[Planned (Working Days)]]=""),"",tblTasks[[#This Row],[TAT (Working Days)]]-tblTasks[[#This Row],[Planned (Working Days)]]) | Q54: =IF(tblTasks[[#This Row],[Task Assigned]]="","",IF(tblTasks[[#This Row],[Start Date]]="","Not Scheduled",IF(tblTasks[[#This Row],[Actual End Date]]<>"",IF(OR(tblTasks[[#This Row],[Target End Date]]="",tblTasks[[#This Row],[Actual End Date]]<=tblTasks[[#This Row],[Target End Date]]),"Done On Time","Done Late"),IF(tblTasks[[#This Row],[Status]]="Blocked","Blocked",IF(AND(tblTasks[[#This Row],[Target End Date]]<>"",TODAY()>tblTasks[[#This Row],[Target End Date]]),"Overdue",IF(tblTasks[[#This Row],[Start Date]]>TODAY(),"Scheduled","On Track")))))) | R54: =IF(OR(tblTasks[[#This Row],[Actual End Date]]="",tblTasks[[#This Row],[TAT (Working Days)]]="",tblTasks[[#This Row],[Planned (Working Days)]]=""),"",100*MIN(1,tblTasks[[#This Row],[Planned (Working Days)]]/MAX(tblTasks[[#This Row],[TAT (Working Days)]],1))) | S54: =IF(tblTasks[[#This Row],[Actual End Date]]="","",100*MAX(0,1-N(tblTasks[[#This Row],[Revision Rounds]])/Settings!$J$9)) | T54: =IF(OR(tblTasks[[#This Row],[Speed Score]]="",tblTasks[[#This Row],[Quality Score]]=""),"",(Settings!$J$5*tblTasks[[#This Row],[Speed Score]]+Settings!$J$6*tblTasks[[#This Row],[Quality Score]])/(Settings!$J$5+Settings!$J$6)) | U54: =IF(OR(tblTasks[[#This Row],[Estimated Effort (Hrs)]]="",tblTasks[[#This Row],[Planned (Working Days)]]=""),"",IF(tblTasks[[#This Row],[Planned (Working Days)]]=0,"",tblTasks[[#This Row],[Estimated Effort (Hrs)]]/tblTasks[[#This Row],[Planned (Working Days)]]))

Sheet Scorecard
A1: Designer Scorecard
A2: Live from the Tracker. Scores are 0–100. Speed and Quality use tasks completed in the period below; Commitment is as of today.
A4: Period from | B4: 46266
A5: Period to | B5: 46295
A7: Total Tasks | B7: Completed | C7: Open | D7: Blocked | E7: Overdue
A8: =COUNTA(tblTasks[Task Assigned]) -> 0 | B8: =COUNTIFS(tblTasks[Delivery Status],"Done*") -> 0 | C8: =A8-B8 -> 0 | D8: =COUNTIFS(tblTasks[Delivery Status],"Blocked") -> 0 | E8: =COUNTIFS(tblTasks[Delivery Status],"Overdue") -> 0
A10: Score by designer
A11: Designer | B11: Tasks Completed (period) | C11: Avg TAT (Working Days) | D11: On-Time % | E11: Avg Revision Rounds | F11: Speed Score | G11: Quality Score | H11: Commitment Score | I11: Overall Score | J11: Rating | K11: Focus Area
A12: =IF(Settings!A5="","",Settings!A5) -> Pragati | B12: =IF($A12="","",COUNTIFS(tblTasks[Designer],$A12,tblTasks[Actual End Date],">="&$B$4,tblTasks[Actual End Date],"<="&$B$5)) -> 0 | C12: =IF($A12="","",IF(B12=0,"-",IFERROR(AVERAGEIFS(tblTasks[TAT (Working Days)],tblTasks[Designer],$A12,tblTasks[Actual End Date],">="&$B$4,tblTasks[Actual End Date],"<="&$B$5),"-"))) -> - | D12: =IF($A12="","",IF(B12=0,"-",COUNTIFS(tblTasks[Designer],$A12,tblTasks[Actual End Date],">="&$B$4,tblTasks[Actual End Date],"<="&$B$5,tblTasks[Delivery Status],"Done On Time")/B12)) -> - | E12: =IF($A12="","",IF(B12=0,"-",SUMIFS(tblTasks[Revision Rounds],tblTasks[Designer],$A12,tblTasks[Actual End Date],">="&$B$4,tblTasks[Actual End Date],"<="&$B$5)/B12)) -> - | F12: =IF($A12="","",IF(B12=0,"-",IFERROR(AVERAGEIFS(tblTasks[Speed Score],tblTasks[Designer],$A12,tblTasks[Actual End Date],">="&$B$4,tblTasks[Actual End Date],"<="&$B$5),"-"))) -> - | G12: =IF($A12="","",IF(B12=0,"-",IFERROR(AVERAGEIFS(tblTasks[Quality Score],tblTasks[Designer],$A12,tblTasks[Actual End Date],">="&$B$4,tblTasks[Actual End Date],"<="&$B$5),"-"))) -> - | H12: =IF($A12="","",IFERROR(100*(1-COUNTIFS(tblTasks[Designer],$A12,tblTasks[Delivery Status],"Overdue")/COUNTIFS(tblTasks[Designer],$A12,tblTasks[Actual End Date],"")),100)) -> 100 | I12: =IF($A12="","",IF(AND(ISNUMBER(F12),ISNUMBER(G12)),(Settings!$J$5*F12+Settings!$J$6*G12+Settings!$J$7*H12)/Settings!$J$8,"-")) -> - | J12: =IF($A12="","",IF(NOT(ISNUMBER(I12)),"-",IF(I12>=Settings!$J$10,"Excellent",IF(I12>=Settings!$J$11,"Good",IF(I12>=Settings!$J$12,"Needs Improvement","At Risk"))))) -> - | K12: =IF($A12="","",IF(NOT(ISNUMBER(I12)),"Needs at least one completed task in the period",IF(MIN(F12:H12)>=90,"Strong across all areas – keep it up",IF(F12=MIN(F12:H12),"Speed: tasks take longer than planned – raise delays early and plan realistic dates",IF(G12=MIN(F12:H12),"Quality: too many revision rounds – confirm the brief and self-review before sharing","Commitment: open tasks are past target date – update status or log the blocker"))))) -> Needs at least one completed task in the period
A13: =IF(Settings!A6="","",Settings!A6) -> Swathi | B13: =IF($A13="","",COUNTIFS(tblTasks[Designer],$A13,tblTasks[Actual End Date],">="&$B$4,tblTasks[Actual End Date],"<="&$B$5)) -> 0 | C13: =IF($A13="","",IF(B13=0,"-",IFERROR(AVERAGEIFS(tblTasks[TAT (Working Days)],tblTasks[Designer],$A13,tblTasks[Actual End Date],">="&$B$4,tblTasks[Actual End Date],"<="&$B$5),"-"))) -> - | D13: =IF($A13="","",IF(B13=0,"-",COUNTIFS(tblTasks[Designer],$A13,tblTasks[Actual End Date],">="&$B$4,tblTasks[Actual End Date],"<="&$B$5,tblTasks[Delivery Status],"Done On Time")/B13)) -> - | E13: =IF($A13="","",IF(B13=0,"-",SUMIFS(tblTasks[Revision Rounds],tblTasks[Designer],$A13,tblTasks[Actual End Date],">="&$B$4,tblTasks[Actual End Date],"<="&$B$5)/B13)) -> - | F13: =IF($A13="","",IF(B13=0,"-",IFERROR(AVERAGEIFS(tblTasks[Speed Score],tblTasks[Designer],$A13,tblTasks[Actual End Date],">="&$B$4,tblTasks[Actual End Date],"<="&$B$5),"-"))) -> - | G13: =IF($A13="","",IF(B13=0,"-",IFERROR(AVERAGEIFS(tblTasks[Quality Score],tblTasks[Designer],$A13,tblTasks[Actual End Date],">="&$B$4,tblTasks[Actual End Date],"<="&$B$5),"-"))) -> - | H13: =IF($A13="","",IFERROR(100*(1-COUNTIFS(tblTasks[Designer],$A13,tblTasks[Delivery Status],"Overdue")/COUNTIFS(tblTasks[Designer],$A13,tblTasks[Actual End Date],"")),100)) -> 100 | I13: =IF($A13="","",IF(AND(ISNUMBER(F13),ISNUMBER(G13)),(Settings!$J$5*F13+Settings!$J$6*G13+Settings!$J$7*H13)/Settings!$J$8,"-")) -> - | J13: =IF($A13="","",IF(NOT(ISNUMBER(I13)),"-",IF(I13>=Settings!$J$10,"Excellent",IF(I13>=Settings!$J$11,"Good",IF(I13>=Settings!$J$12,"Needs Improvement","At Risk"))))) -> - | K13: =IF($A13="","",IF(NOT(ISNUMBER(I13)),"Needs at least one completed task in the period",IF(MIN(F13:H13)>=90,"Strong across all areas – keep it up",IF(F13=MIN(F13:H13),"Speed: tasks take longer than planned – raise delays early and plan realistic dates",IF(G13=MIN(F13:H13),"Quality: too many revision rounds – confirm the brief and self-review before sharing","Commitment: open tasks are past target date – update status or log the blocker"))))) -> Needs at least one completed task in the period
A14: =IF(Settings!A7="","",Settings!A7) | B14: =IF($A14="","",COUNTIFS(tblTasks[Designer],$A14,tblTasks[Actual End Date],">="&$B$4,tblTasks[Actual End Date],"<="&$B$5)) | C14: =IF($A14="","",IF(B14=0,"-",IFERROR(AVERAGEIFS(tblTasks[TAT (Working Days)],tblTasks[Designer],$A14,tblTasks[Actual End Date],">="&$B$4,tblTasks[Actual End Date],"<="&$B$5),"-"))) | D14: =IF($A14="","",IF(B14=0,"-",COUNTIFS(tblTasks[Designer],$A14,tblTasks[Actual End Date],">="&$B$4,tblTasks[Actual End Date],"<="&$B$5,tblTasks[Delivery Status],"Done On Time")/B14)) | E14: =IF($A14="","",IF(B14=0,"-",SUMIFS(tblTasks[Revision Rounds],tblTasks[Designer],$A14,tblTasks[Actual End Date],">="&$B$4,tblTasks[Actual End Date],"<="&$B$5)/B14)) | F14: =IF($A14="","",IF(B14=0,"-",IFERROR(AVERAGEIFS(tblTasks[Speed Score],tblTasks[Designer],$A14,tblTasks[Actual End Date],">="&$B$4,tblTasks[Actual End Date],"<="&$B$5),"-"))) | G14: =IF($A14="","",IF(B14=0,"-",IFERROR(AVERAGEIFS(tblTasks[Quality Score],tblTasks[Designer],$A14,tblTasks[Actual End Date],">="&$B$4,tblTasks[Actual End Date],"<="&$B$5),"-"))) | H14: =IF($A14="","",IFERROR(100*(1-COUNTIFS(tblTasks[Designer],$A14,tblTasks[Delivery Status],"Overdue")/COUNTIFS(tblTasks[Designer],$A14,tblTasks[Actual End Date],"")),100)) | I14: =IF($A14="","",IF(AND(ISNUMBER(F14),ISNUMBER(G14)),(Settings!$J$5*F14+Settings!$J$6*G14+Settings!$J$7*H14)/Settings!$J$8,"-")) | J14: =IF($A14="","",IF(NOT(ISNUMBER(I14)),"-",IF(I14>=Settings!$J$10,"Excellent",IF(I14>=Settings!$J$11,"Good",IF(I14>=Settings!$J$12,"Needs Improvement","At Risk"))))) | K14: =IF($A14="","",IF(NOT(ISNUMBER(I14)),"Needs at least one completed task in the period",IF(MIN(F14:H14)>=90,"Strong across all areas – keep it up",IF(F14=MIN(F14:H14),"Speed: tasks take longer than planned – raise delays early and plan realistic dates",IF(G14=MIN(F14:H14),"Quality: too many revision rounds – confirm the brief and self-review before sharing","Commitment: open tasks are past target date – update status or log the blocker")))))
A15: =IF(Settings!A8="","",Settings!A8) | B15: =IF($A15="","",COUNTIFS(tblTasks[Designer],$A15,tblTasks[Actual End Date],">="&$B$4,tblTasks[Actual End Date],"<="&$B$5)) | C15: =IF($A15="","",IF(B15=0,"-",IFERROR(AVERAGEIFS(tblTasks[TAT (Working Days)],tblTasks[Designer],$A15,tblTasks[Actual End Date],">="&$B$4,tblTasks[Actual End Date],"<="&$B$5),"-"))) | D15: =IF($A15="","",IF(B15=0,"-",COUNTIFS(tblTasks[Designer],$A15,tblTasks[Actual End Date],">="&$B$4,tblTasks[Actual End Date],"<="&$B$5,tblTasks[Delivery Status],"Done On Time")/B15)) | E15: =IF($A15="","",IF(B15=0,"-",SUMIFS(tblTasks[Revision Rounds],tblTasks[Designer],$A15,tblTasks[Actual End Date],">="&$B$4,tblTasks[Actual End Date],"<="&$B$5)/B15)) | F15: =IF($A15="","",IF(B15=0,"-",IFERROR(AVERAGEIFS(tblTasks[Speed Score],tblTasks[Designer],$A15,tblTasks[Actual End Date],">="&$B$4,tblTasks[Actual End Date],"<="&$B$5),"-"))) | G15: =IF($A15="","",IF(B15=0,"-",IFERROR(AVERAGEIFS(tblTasks[Quality Score],tblTasks[Designer],$A15,tblTasks[Actual End Date],">="&$B$4,tblTasks[Actual End Date],"<="&$B$5),"-"))) | H15: =IF($A15="","",IFERROR(100*(1-COUNTIFS(tblTasks[Designer],$A15,tblTasks[Delivery Status],"Overdue")/COUNTIFS(tblTasks[Designer],$A15,tblTasks[Actual End Date],"")),100)) | I15: =IF($A15="","",IF(AND(ISNUMBER(F15),ISNUMBER(G15)),(Settings!$J$5*F15+Settings!$J$6*G15+Settings!$J$7*H15)/Settings!$J$8,"-")) | J15: =IF($A15="","",IF(NOT(ISNUMBER(I15)),"-",IF(I15>=Settings!$J$10,"Excellent",IF(I15>=Settings!$J$11,"Good",IF(I15>=Settings!$J$12,"Needs Improvement","At Risk"))))) | K15: =IF($A15="","",IF(NOT(ISNUMBER(I15)),"Needs at least one completed task in the period",IF(MIN(F15:H15)>=90,"Strong across all areas – keep it up",IF(F15=MIN(F15:H15),"Speed: tasks take longer than planned – raise delays early and plan realistic dates",IF(G15=MIN(F15:H15),"Quality: too many revision rounds – confirm the brief and self-review before sharing","Commitment: open tasks are past target date – update status or log the blocker")))))
A16: =IF(Settings!A9="","",Settings!A9) | B16: =IF($A16="","",COUNTIFS(tblTasks[Designer],$A16,tblTasks[Actual End Date],">="&$B$4,tblTasks[Actual End Date],"<="&$B$5)) | C16: =IF($A16="","",IF(B16=0,"-",IFERROR(AVERAGEIFS(tblTasks[TAT (Working Days)],tblTasks[Designer],$A16,tblTasks[Actual End Date],">="&$B$4,tblTasks[Actual End Date],"<="&$B$5),"-"))) | D16: =IF($A16="","",IF(B16=0,"-",COUNTIFS(tblTasks[Designer],$A16,tblTasks[Actual End Date],">="&$B$4,tblTasks[Actual End Date],"<="&$B$5,tblTasks[Delivery Status],"Done On Time")/B16)) | E16: =IF($A16="","",IF(B16=0,"-",SUMIFS(tblTasks[Revision Rounds],tblTasks[Designer],$A16,tblTasks[Actual End Date],">="&$B$4,tblTasks[Actual End Date],"<="&$B$5)/B16)) | F16: =IF($A16="","",IF(B16=0,"-",IFERROR(AVERAGEIFS(tblTasks[Speed Score],tblTasks[Designer],$A16,tblTasks[Actual End Date],">="&$B$4,tblTasks[Actual End Date],"<="&$B$5),"-"))) | G16: =IF($A16="","",IF(B16=0,"-",IFERROR(AVERAGEIFS(tblTasks[Quality Score],tblTasks[Designer],$A16,tblTasks[Actual End Date],">="&$B$4,tblTasks[Actual End Date],"<="&$B$5),"-"))) | H16: =IF($A16="","",IFERROR(100*(1-COUNTIFS(tblTasks[Designer],$A16,tblTasks[Delivery Status],"Overdue")/COUNTIFS(tblTasks[Designer],$A16,tblTasks[Actual End Date],"")),100)) | I16: =IF($A16="","",IF(AND(ISNUMBER(F16),ISNUMBER(G16)),(Settings!$J$5*F16+Settings!$J$6*G16+Settings!$J$7*H16)/Settings!$J$8,"-")) | J16: =IF($A16="","",IF(NOT(ISNUMBER(I16)),"-",IF(I16>=Settings!$J$10,"Excellent",IF(I16>=Settings!$J$11,"Good",IF(I16>=Settings!$J$12,"Needs Improvement","At Risk"))))) | K16: =IF($A16="","",IF(NOT(ISNUMBER(I16)),"Needs at least one completed task in the period",IF(MIN(F16:H16)>=90,"Strong across all areas – keep it up",IF(F16=MIN(F16:H16),"Speed: tasks take longer than planned – raise delays early and plan realistic dates",IF(G16=MIN(F16:H16),"Quality: too many revision rounds – confirm the brief and self-review before sharing","Commitment: open tasks are past target date – update status or log the blocker")))))
A18: Tasks by PM
A19: PM | B19: Tasks Created | C19: Open | D19: Blocked | E19: Overdue | F19: Avg Revision Rounds (completed)
A20: =IF(Settings!B5="","",Settings!B5) -> Raghav | B20: =IF($A20="","",COUNTIFS(tblTasks[PM (Project Lead)],$A20)) -> 0 | C20: =IF($A20="","",COUNTIFS(tblTasks[PM (Project Lead)],$A20,tblTasks[Actual End Date],"")) -> 0 | D20: =IF($A20="","",COUNTIFS(tblTasks[PM (Project Lead)],$A20,tblTasks[Delivery Status],"Blocked")) -> 0 | E20: =IF($A20="","",COUNTIFS(tblTasks[PM (Project Lead)],$A20,tblTasks[Delivery Status],"Overdue")) -> 0 | F20: =IF($A20="","",IFERROR(SUMIFS(tblTasks[Revision Rounds],tblTasks[PM (Project Lead)],$A20,tblTasks[Delivery Status],"Done*")/COUNTIFS(tblTasks[PM (Project Lead)],$A20,tblTasks[Delivery Status],"Done*"),"-")) -> -
A21: =IF(Settings!B6="","",Settings!B6) -> SL | B21: =IF($A21="","",COUNTIFS(tblTasks[PM (Project Lead)],$A21)) -> 0 | C21: =IF($A21="","",COUNTIFS(tblTasks[PM (Project Lead)],$A21,tblTasks[Actual End Date],"")) -> 0 | D21: =IF($A21="","",COUNTIFS(tblTasks[PM (Project Lead)],$A21,tblTasks[Delivery Status],"Blocked")) -> 0 | E21: =IF($A21="","",COUNTIFS(tblTasks[PM (Project Lead)],$A21,tblTasks[Delivery Status],"Overdue")) -> 0 | F21: =IF($A21="","",IFERROR(SUMIFS(tblTasks[Revision Rounds],tblTasks[PM (Project Lead)],$A21,tblTasks[Delivery Status],"Done*")/COUNTIFS(tblTasks[PM (Project Lead)],$A21,tblTasks[Delivery Status],"Done*"),"-")) -> -
A22: =IF(Settings!B7="","",Settings!B7) -> Arun | B22: =IF($A22="","",COUNTIFS(tblTasks[PM (Project Lead)],$A22)) -> 0 | C22: =IF($A22="","",COUNTIFS(tblTasks[PM (Project Lead)],$A22,tblTasks[Actual End Date],"")) -> 0 | D22: =IF($A22="","",COUNTIFS(tblTasks[PM (Project Lead)],$A22,tblTasks[Delivery Status],"Blocked")) -> 0 | E22: =IF($A22="","",COUNTIFS(tblTasks[PM (Project Lead)],$A22,tblTasks[Delivery Status],"Overdue")) -> 0 | F22: =IF($A22="","",IFERROR(SUMIFS(tblTasks[Revision Rounds],tblTasks[PM (Project Lead)],$A22,tblTasks[Delivery Status],"Done*")/COUNTIFS(tblTasks[PM (Project Lead)],$A22,tblTasks[Delivery Status],"Done*"),"-")) -> -
A23: =IF(Settings!B8="","",Settings!B8) -> Naveen | B23: =IF($A23="","",COUNTIFS(tblTasks[PM (Project Lead)],$A23)) -> 0 | C23: =IF($A23="","",COUNTIFS(tblTasks[PM (Project Lead)],$A23,tblTasks[Actual End Date],"")) -> 0 | D23: =IF($A23="","",COUNTIFS(tblTasks[PM (Project Lead)],$A23,tblTasks[Delivery Status],"Blocked")) -> 0 | E23: =IF($A23="","",COUNTIFS(tblTasks[PM (Project Lead)],$A23,tblTasks[Delivery Status],"Overdue")) -> 0 | F23: =IF($A23="","",IFERROR(SUMIFS(tblTasks[Revision Rounds],tblTasks[PM (Project Lead)],$A23,tblTasks[Delivery Status],"Done*")/COUNTIFS(tblTasks[PM (Project Lead)],$A23,tblTasks[Delivery Status],"Done*"),"-")) -> -
A24: =IF(Settings!B9="","",Settings!B9) -> Manu | B24: =IF($A24="","",COUNTIFS(tblTasks[PM (Project Lead)],$A24)) -> 0 | C24: =IF($A24="","",COUNTIFS(tblTasks[PM (Project Lead)],$A24,tblTasks[Actual End Date],"")) -> 0 | D24: =IF($A24="","",COUNTIFS(tblTasks[PM (Project Lead)],$A24,tblTasks[Delivery Status],"Blocked")) -> 0 | E24: =IF($A24="","",COUNTIFS(tblTasks[PM (Project Lead)],$A24,tblTasks[Delivery Status],"Overdue")) -> 0 | F24: =IF($A24="","",IFERROR(SUMIFS(tblTasks[Revision Rounds],tblTasks[PM (Project Lead)],$A24,tblTasks[Delivery Status],"Done*")/COUNTIFS(tblTasks[PM (Project Lead)],$A24,tblTasks[Delivery Status],"Done*"),"-")) -> -
A26: How the score works
A27: ="Speed ("&TEXT(Settings!J5,"0%")&"): planned working days ÷ actual working days per task, capped at 100. Finishing on or before the target date scores 100." -> Speed (40%): planned working days ÷ actual working days per task, capped at 100. Finishing on or before the target date scores 100.
A28: ="Quality ("&TEXT(Settings!J6,"0%")&"): starts at 100 and drops with each revision round; reaches 0 at "&Settings!J9&" rounds." -> Quality (40%): starts at 100 and drops with each revision round; reaches 0 at 4 rounds.
A29: ="Commitment ("&TEXT(Settings!J7,"0%")&"): share of open tasks that are not past their target date. Blocked tasks (with a blocker logged) are not counted as overdue." -> Commitment (20%): share of open tasks that are not past their target date. Blocked tasks (with a blocker logged) are not counted as overdue.
A30: ="Overall = weighted average. Ratings: Excellent ≥ "&Settings!J10&", Good ≥ "&Settings!J11&", Needs Improvement ≥ "&Settings!J12&", otherwise At Risk." -> Overall = weighted average. Ratings: Excellent ≥ 85, Good ≥ 70, Needs Improvement ≥ 50, otherwise At Risk.
A31: Weights, thresholds and names can be changed on the Settings tab.
A33: Weekly workload
A34: Show weeks from (any date) | B34: =TODAY() -> 46294 | C34: ="Capacity "&Settings!J16&" hrs/week ("&Settings!J17&"-day week = "&TEXT(Settings!J18,"0.0")&" hrs/day). Hours are spread evenly over each task's working days between Start and Target End." -> Capacity 48 hrs/week (5-day week = 9.6 hrs/day). Hours are spread evenly over each task's working days between Start and Target End.
A35: ="Open tasks with no effort estimate (not counted in workload): "&COUNTIFS(tblTasks[Task Assigned],"<>",tblTasks[Estimated Effort (Hrs)],"",tblTasks[Actual End Date],"") -> Open tasks with no effort estimate (not counted in workload): 0
A36: Designer | B36: Week starting (Mon) | C36: =$B$34-WEEKDAY($B$34,2)+1 -> 46293 | D36: =C36+7 -> 46300 | E36: =D36+7 -> 46307 | F36: =E36+7 -> 46314 | G36: =F36+7 -> 46321 | H36: =G36+7 -> 46328 | I36: =H36+7 -> 46335 | J36: =I36+7 -> 46342
B37: Holidays (working days) | C37: {=SUMPRODUCT((COUNTIF(tblHolidays[Holiday Date],C$36+{0,1,2,3,4,5})>0)*(WEEKDAY(C$36+{0,1,2,3,4,5},2)<=Settings!$J$17))} -> 0 | D37: {=SUMPRODUCT((COUNTIF(tblHolidays[Holiday Date],D$36+{0,1,2,3,4,5})>0)*(WEEKDAY(D$36+{0,1,2,3,4,5},2)<=Settings!$J$17))} -> 0 | E37: {=SUMPRODUCT((COUNTIF(tblHolidays[Holiday Date],E$36+{0,1,2,3,4,5})>0)*(WEEKDAY(E$36+{0,1,2,3,4,5},2)<=Settings!$J$17))} -> 0 | F37: {=SUMPRODUCT((COUNTIF(tblHolidays[Holiday Date],F$36+{0,1,2,3,4,5})>0)*(WEEKDAY(F$36+{0,1,2,3,4,5},2)<=Settings!$J$17))} -> 0 | G37: {=SUMPRODUCT((COUNTIF(tblHolidays[Holiday Date],G$36+{0,1,2,3,4,5})>0)*(WEEKDAY(G$36+{0,1,2,3,4,5},2)<=Settings!$J$17))} -> 0 | H37: {=SUMPRODUCT((COUNTIF(tblHolidays[Holiday Date],H$36+{0,1,2,3,4,5})>0)*(WEEKDAY(H$36+{0,1,2,3,4,5},2)<=Settings!$J$17))} -> 0 | I37: {=SUMPRODUCT((COUNTIF(tblHolidays[Holiday Date],I$36+{0,1,2,3,4,5})>0)*(WEEKDAY(I$36+{0,1,2,3,4,5},2)<=Settings!$J$17))} -> 0 | J37: {=SUMPRODUCT((COUNTIF(tblHolidays[Holiday Date],J$36+{0,1,2,3,4,5})>0)*(WEEKDAY(J$36+{0,1,2,3,4,5},2)<=Settings!$J$17))} -> 0
A38: =IF(Settings!A5="","",Settings!A5) -> Pragati | B38: Leave (days) | C38: {=IF($A$38="","",SUMPRODUCT((COUNTIFS(tblLeave[Designer],$A$38,tblLeave[From],"<="&(C$36+{0,1,2,3,4,5}),tblLeave[To],">="&(C$36+{0,1,2,3,4,5}))>0)*(COUNTIF(tblHolidays[Holiday Date],C$36+{0,1,2,3,4,5})=0)*(WEEKDAY(C$36+{0,1,2,3,4,5},2)<=Settings!$J$17)))} -> 0 | D38: {=IF($A$38="","",SUMPRODUCT((COUNTIFS(tblLeave[Designer],$A$38,tblLeave[From],"<="&(D$36+{0,1,2,3,4,5}),tblLeave[To],">="&(D$36+{0,1,2,3,4,5}))>0)*(COUNTIF(tblHolidays[Holiday Date],D$36+{0,1,2,3,4,5})=0)*(WEEKDAY(D$36+{0,1,2,3,4,5},2)<=Settings!$J$17)))} -> 0 | E38: {=IF($A$38="","",SUMPRODUCT((COUNTIFS(tblLeave[Designer],$A$38,tblLeave[From],"<="&(E$36+{0,1,2,3,4,5}),tblLeave[To],">="&(E$36+{0,1,2,3,4,5}))>0)*(COUNTIF(tblHolidays[Holiday Date],E$36+{0,1,2,3,4,5})=0)*(WEEKDAY(E$36+{0,1,2,3,4,5},2)<=Settings!$J$17)))} -> 0 | F38: {=IF($A$38="","",SUMPRODUCT((COUNTIFS(tblLeave[Designer],$A$38,tblLeave[From],"<="&(F$36+{0,1,2,3,4,5}),tblLeave[To],">="&(F$36+{0,1,2,3,4,5}))>0)*(COUNTIF(tblHolidays[Holiday Date],F$36+{0,1,2,3,4,5})=0)*(WEEKDAY(F$36+{0,1,2,3,4,5},2)<=Settings!$J$17)))} -> 0 | G38: {=IF($A$38="","",SUMPRODUCT((COUNTIFS(tblLeave[Designer],$A$38,tblLeave[From],"<="&(G$36+{0,1,2,3,4,5}),tblLeave[To],">="&(G$36+{0,1,2,3,4,5}))>0)*(COUNTIF(tblHolidays[Holiday Date],G$36+{0,1,2,3,4,5})=0)*(WEEKDAY(G$36+{0,1,2,3,4,5},2)<=Settings!$J$17)))} -> 0 | H38: {=IF($A$38="","",SUMPRODUCT((COUNTIFS(tblLeave[Designer],$A$38,tblLeave[From],"<="&(H$36+{0,1,2,3,4,5}),tblLeave[To],">="&(H$36+{0,1,2,3,4,5}))>0)*(COUNTIF(tblHolidays[Holiday Date],H$36+{0,1,2,3,4,5})=0)*(WEEKDAY(H$36+{0,1,2,3,4,5},2)<=Settings!$J$17)))} -> 0 | I38: {=IF($A$38="","",SUMPRODUCT((COUNTIFS(tblLeave[Designer],$A$38,tblLeave[From],"<="&(I$36+{0,1,2,3,4,5}),tblLeave[To],">="&(I$36+{0,1,2,3,4,5}))>0)*(COUNTIF(tblHolidays[Holiday Date],I$36+{0,1,2,3,4,5})=0)*(WEEKDAY(I$36+{0,1,2,3,4,5},2)<=Settings!$J$17)))} -> 0 | J38: {=IF($A$38="","",SUMPRODUCT((COUNTIFS(tblLeave[Designer],$A$38,tblLeave[From],"<="&(J$36+{0,1,2,3,4,5}),tblLeave[To],">="&(J$36+{0,1,2,3,4,5}))>0)*(COUNTIF(tblHolidays[Holiday Date],J$36+{0,1,2,3,4,5})=0)*(WEEKDAY(J$36+{0,1,2,3,4,5},2)<=Settings!$J$17)))} -> 0
B39: Available (hrs) | C39: =IF($A$38="","",MAX(0,Settings!$J$17-C$37-C38)*Settings!$J$18) -> 48 | D39: =IF($A$38="","",MAX(0,Settings!$J$17-D$37-D38)*Settings!$J$18) -> 48 | E39: =IF($A$38="","",MAX(0,Settings!$J$17-E$37-E38)*Settings!$J$18) -> 48 | F39: =IF($A$38="","",MAX(0,Settings!$J$17-F$37-F38)*Settings!$J$18) -> 48 | G39: =IF($A$38="","",MAX(0,Settings!$J$17-G$37-G38)*Settings!$J$18) -> 48 | H39: =IF($A$38="","",MAX(0,Settings!$J$17-H$37-H38)*Settings!$J$18) -> 48 | I39: =IF($A$38="","",MAX(0,Settings!$J$17-I$37-I38)*Settings!$J$18) -> 48 | J39: =IF($A$38="","",MAX(0,Settings!$J$17-J$37-J38)*Settings!$J$18) -> 48
B40: Allocated (hrs) | C40: {=IF($A$38="","",SUMPRODUCT(SUMIFS(tblTasks[Hours per Working Day],tblTasks[Designer],$A$38,tblTasks[Start Date],"<="&(C$36+{0,1,2,3,4,5}),tblTasks[Target End Date],">="&(C$36+{0,1,2,3,4,5}))*(COUNTIF(tblHolidays[Holiday Date],C$36+{0,1,2,3,4,5})=0)*(WEEKDAY(C$36+{0,1,2,3,4,5},2)<=Settings!$J$17)))} -> 0 | D40: {=IF($A$38="","",SUMPRODUCT(SUMIFS(tblTasks[Hours per Working Day],tblTasks[Designer],$A$38,tblTasks[Start Date],"<="&(D$36+{0,1,2,3,4,5}),tblTasks[Target End Date],">="&(D$36+{0,1,2,3,4,5}))*(COUNTIF(tblHolidays[Holiday Date],D$36+{0,1,2,3,4,5})=0)*(WEEKDAY(D$36+{0,1,2,3,4,5},2)<=Settings!$J$17)))} -> 0 | E40: {=IF($A$38="","",SUMPRODUCT(SUMIFS(tblTasks[Hours per Working Day],tblTasks[Designer],$A$38,tblTasks[Start Date],"<="&(E$36+{0,1,2,3,4,5}),tblTasks[Target End Date],">="&(E$36+{0,1,2,3,4,5}))*(COUNTIF(tblHolidays[Holiday Date],E$36+{0,1,2,3,4,5})=0)*(WEEKDAY(E$36+{0,1,2,3,4,5},2)<=Settings!$J$17)))} -> 0 | F40: {=IF($A$38="","",SUMPRODUCT(SUMIFS(tblTasks[Hours per Working Day],tblTasks[Designer],$A$38,tblTasks[Start Date],"<="&(F$36+{0,1,2,3,4,5}),tblTasks[Target End Date],">="&(F$36+{0,1,2,3,4,5}))*(COUNTIF(tblHolidays[Holiday Date],F$36+{0,1,2,3,4,5})=0)*(WEEKDAY(F$36+{0,1,2,3,4,5},2)<=Settings!$J$17)))} -> 0 | G40: {=IF($A$38="","",SUMPRODUCT(SUMIFS(tblTasks[Hours per Working Day],tblTasks[Designer],$A$38,tblTasks[Start Date],"<="&(G$36+{0,1,2,3,4,5}),tblTasks[Target End Date],">="&(G$36+{0,1,2,3,4,5}))*(COUNTIF(tblHolidays[Holiday Date],G$36+{0,1,2,3,4,5})=0)*(WEEKDAY(G$36+{0,1,2,3,4,5},2)<=Settings!$J$17)))} -> 0 | H40: {=IF($A$38="","",SUMPRODUCT(SUMIFS(tblTasks[Hours per Working Day],tblTasks[Designer],$A$38,tblTasks[Start Date],"<="&(H$36+{0,1,2,3,4,5}),tblTasks[Target End Date],">="&(H$36+{0,1,2,3,4,5}))*(COUNTIF(tblHolidays[Holiday Date],H$36+{0,1,2,3,4,5})=0)*(WEEKDAY(H$36+{0,1,2,3,4,5},2)<=Settings!$J$17)))} -> 0 | I40: {=IF($A$38="","",SUMPRODUCT(SUMIFS(tblTasks[Hours per Working Day],tblTasks[Designer],$A$38,tblTasks[Start Date],"<="&(I$36+{0,1,2,3,4,5}),tblTasks[Target End Date],">="&(I$36+{0,1,2,3,4,5}))*(COUNTIF(tblHolidays[Holiday Date],I$36+{0,1,2,3,4,5})=0)*(WEEKDAY(I$36+{0,1,2,3,4,5},2)<=Settings!$J$17)))} -> 0 | J40: {=IF($A$38="","",SUMPRODUCT(SUMIFS(tblTasks[Hours per Working Day],tblTasks[Designer],$A$38,tblTasks[Start Date],"<="&(J$36+{0,1,2,3,4,5}),tblTasks[Target End Date],">="&(J$36+{0,1,2,3,4,5}))*(COUNTIF(tblHolidays[Holiday Date],J$36+{0,1,2,3,4,5})=0)*(WEEKDAY(J$36+{0,1,2,3,4,5},2)<=Settings!$J$17)))} -> 0
B41: Utilisation | C41: =IF($A$38="","",IF(C39=0,IF(C40>0,"No capacity","-"),C40/C39)) -> 0 | D41: =IF($A$38="","",IF(D39=0,IF(D40>0,"No capacity","-"),D40/D39)) -> 0 | E41: =IF($A$38="","",IF(E39=0,IF(E40>0,"No capacity","-"),E40/E39)) -> 0 | F41: =IF($A$38="","",IF(F39=0,IF(F40>0,"No capacity","-"),F40/F39)) -> 0 | G41: =IF($A$38="","",IF(G39=0,IF(G40>0,"No capacity","-"),G40/G39)) -> 0 | H41: =IF($A$38="","",IF(H39=0,IF(H40>0,"No capacity","-"),H40/H39)) -> 0 | I41: =IF($A$38="","",IF(I39=0,IF(I40>0,"No capacity","-"),I40/I39)) -> 0 | J41: =IF($A$38="","",IF(J39=0,IF(J40>0,"No capacity","-"),J40/J39)) -> 0
B42: Headroom (hrs) | C42: =IF($A$38="","",C39-C40) -> 48 | D42: =IF($A$38="","",D39-D40) -> 48 | E42: =IF($A$38="","",E39-E40) -> 48 | F42: =IF($A$38="","",F39-F40) -> 48 | G42: =IF($A$38="","",G39-G40) -> 48 | H42: =IF($A$38="","",H39-H40) -> 48 | I42: =IF($A$38="","",I39-I40) -> 48 | J42: =IF($A$38="","",J39-J40) -> 48
B43: Status | C43: =IF($A$38="","",IF(C39=0,IF(C40>0,"Overloaded","On leave / holiday"),IF(C41>Settings!$J$20,"Overloaded",IF(C41<Settings!$J$21,"Under-utilised","Balanced")))) -> Under-utilised | D43: =IF($A$38="","",IF(D39=0,IF(D40>0,"Overloaded","On leave / holiday"),IF(D41>Settings!$J$20,"Overloaded",IF(D41<Settings!$J$21,"Under-utilised","Balanced")))) -> Under-utilised | E43: =IF($A$38="","",IF(E39=0,IF(E40>0,"Overloaded","On leave / holiday"),IF(E41>Settings!$J$20,"Overloaded",IF(E41<Settings!$J$21,"Under-utilised","Balanced")))) -> Under-utilised | F43: =IF($A$38="","",IF(F39=0,IF(F40>0,"Overloaded","On leave / holiday"),IF(F41>Settings!$J$20,"Overloaded",IF(F41<Settings!$J$21,"Under-utilised","Balanced")))) -> Under-utilised | G43: =IF($A$38="","",IF(G39=0,IF(G40>0,"Overloaded","On leave / holiday"),IF(G41>Settings!$J$20,"Overloaded",IF(G41<Settings!$J$21,"Under-utilised","Balanced")))) -> Under-utilised | H43: =IF($A$38="","",IF(H39=0,IF(H40>0,"Overloaded","On leave / holiday"),IF(H41>Settings!$J$20,"Overloaded",IF(H41<Settings!$J$21,"Under-utilised","Balanced")))) -> Under-utilised | I43: =IF($A$38="","",IF(I39=0,IF(I40>0,"Overloaded","On leave / holiday"),IF(I41>Settings!$J$20,"Overloaded",IF(I41<Settings!$J$21,"Under-utilised","Balanced")))) -> Under-utilised | J43: =IF($A$38="","",IF(J39=0,IF(J40>0,"Overloaded","On leave / holiday"),IF(J41>Settings!$J$20,"Overloaded",IF(J41<Settings!$J$21,"Under-utilised","Balanced")))) -> Under-utilised
A44: =IF(Settings!A6="","",Settings!A6) -> Swathi | B44: Leave (days) | C44: {=IF($A$44="","",SUMPRODUCT((COUNTIFS(tblLeave[Designer],$A$44,tblLeave[From],"<="&(C$36+{0,1,2,3,4,5}),tblLeave[To],">="&(C$36+{0,1,2,3,4,5}))>0)*(COUNTIF(tblHolidays[Holiday Date],C$36+{0,1,2,3,4,5})=0)*(WEEKDAY(C$36+{0,1,2,3,4,5},2)<=Settings!$J$17)))} -> 0 | D44: {=IF($A$44="","",SUMPRODUCT((COUNTIFS(tblLeave[Designer],$A$44,tblLeave[From],"<="&(D$36+{0,1,2,3,4,5}),tblLeave[To],">="&(D$36+{0,1,2,3,4,5}))>0)*(COUNTIF(tblHolidays[Holiday Date],D$36+{0,1,2,3,4,5})=0)*(WEEKDAY(D$36+{0,1,2,3,4,5},2)<=Settings!$J$17)))} -> 0 | E44: {=IF($A$44="","",SUMPRODUCT((COUNTIFS(tblLeave[Designer],$A$44,tblLeave[From],"<="&(E$36+{0,1,2,3,4,5}),tblLeave[To],">="&(E$36+{0,1,2,3,4,5}))>0)*(COUNTIF(tblHolidays[Holiday Date],E$36+{0,1,2,3,4,5})=0)*(WEEKDAY(E$36+{0,1,2,3,4,5},2)<=Settings!$J$17)))} -> 0 | F44: {=IF($A$44="","",SUMPRODUCT((COUNTIFS(tblLeave[Designer],$A$44,tblLeave[From],"<="&(F$36+{0,1,2,3,4,5}),tblLeave[To],">="&(F$36+{0,1,2,3,4,5}))>0)*(COUNTIF(tblHolidays[Holiday Date],F$36+{0,1,2,3,4,5})=0)*(WEEKDAY(F$36+{0,1,2,3,4,5},2)<=Settings!$J$17)))} -> 0 | G44: {=IF($A$44="","",SUMPRODUCT((COUNTIFS(tblLeave[Designer],$A$44,tblLeave[From],"<="&(G$36+{0,1,2,3,4,5}),tblLeave[To],">="&(G$36+{0,1,2,3,4,5}))>0)*(COUNTIF(tblHolidays[Holiday Date],G$36+{0,1,2,3,4,5})=0)*(WEEKDAY(G$36+{0,1,2,3,4,5},2)<=Settings!$J$17)))} -> 0 | H44: {=IF($A$44="","",SUMPRODUCT((COUNTIFS(tblLeave[Designer],$A$44,tblLeave[From],"<="&(H$36+{0,1,2,3,4,5}),tblLeave[To],">="&(H$36+{0,1,2,3,4,5}))>0)*(COUNTIF(tblHolidays[Holiday Date],H$36+{0,1,2,3,4,5})=0)*(WEEKDAY(H$36+{0,1,2,3,4,5},2)<=Settings!$J$17)))} -> 0 | I44: {=IF($A$44="","",SUMPRODUCT((COUNTIFS(tblLeave[Designer],$A$44,tblLeave[From],"<="&(I$36+{0,1,2,3,4,5}),tblLeave[To],">="&(I$36+{0,1,2,3,4,5}))>0)*(COUNTIF(tblHolidays[Holiday Date],I$36+{0,1,2,3,4,5})=0)*(WEEKDAY(I$36+{0,1,2,3,4,5},2)<=Settings!$J$17)))} -> 0 | J44: {=IF($A$44="","",SUMPRODUCT((COUNTIFS(tblLeave[Designer],$A$44,tblLeave[From],"<="&(J$36+{0,1,2,3,4,5}),tblLeave[To],">="&(J$36+{0,1,2,3,4,5}))>0)*(COUNTIF(tblHolidays[Holiday Date],J$36+{0,1,2,3,4,5})=0)*(WEEKDAY(J$36+{0,1,2,3,4,5},2)<=Settings!$J$17)))} -> 0
B45: Available (hrs) | C45: =IF($A$44="","",MAX(0,Settings!$J$17-C$37-C44)*Settings!$J$18) -> 48 | D45: =IF($A$44="","",MAX(0,Settings!$J$17-D$37-D44)*Settings!$J$18) -> 48 | E45: =IF($A$44="","",MAX(0,Settings!$J$17-E$37-E44)*Settings!$J$18) -> 48 | F45: =IF($A$44="","",MAX(0,Settings!$J$17-F$37-F44)*Settings!$J$18) -> 48 | G45: =IF($A$44="","",MAX(0,Settings!$J$17-G$37-G44)*Settings!$J$18) -> 48 | H45: =IF($A$44="","",MAX(0,Settings!$J$17-H$37-H44)*Settings!$J$18) -> 48 | I45: =IF($A$44="","",MAX(0,Settings!$J$17-I$37-I44)*Settings!$J$18) -> 48 | J45: =IF($A$44="","",MAX(0,Settings!$J$17-J$37-J44)*Settings!$J$18) -> 48
B46: Allocated (hrs) | C46: {=IF($A$44="","",SUMPRODUCT(SUMIFS(tblTasks[Hours per Working Day],tblTasks[Designer],$A$44,tblTasks[Start Date],"<="&(C$36+{0,1,2,3,4,5}),tblTasks[Target End Date],">="&(C$36+{0,1,2,3,4,5}))*(COUNTIF(tblHolidays[Holiday Date],C$36+{0,1,2,3,4,5})=0)*(WEEKDAY(C$36+{0,1,2,3,4,5},2)<=Settings!$J$17)))} -> 0 | D46: {=IF($A$44="","",SUMPRODUCT(SUMIFS(tblTasks[Hours per Working Day],tblTasks[Designer],$A$44,tblTasks[Start Date],"<="&(D$36+{0,1,2,3,4,5}),tblTasks[Target End Date],">="&(D$36+{0,1,2,3,4,5}))*(COUNTIF(tblHolidays[Holiday Date],D$36+{0,1,2,3,4,5})=0)*(WEEKDAY(D$36+{0,1,2,3,4,5},2)<=Settings!$J$17)))} -> 0 | E46: {=IF($A$44="","",SUMPRODUCT(SUMIFS(tblTasks[Hours per Working Day],tblTasks[Designer],$A$44,tblTasks[Start Date],"<="&(E$36+{0,1,2,3,4,5}),tblTasks[Target End Date],">="&(E$36+{0,1,2,3,4,5}))*(COUNTIF(tblHolidays[Holiday Date],E$36+{0,1,2,3,4,5})=0)*(WEEKDAY(E$36+{0,1,2,3,4,5},2)<=Settings!$J$17)))} -> 0 | F46: {=IF($A$44="","",SUMPRODUCT(SUMIFS(tblTasks[Hours per Working Day],tblTasks[Designer],$A$44,tblTasks[Start Date],"<="&(F$36+{0,1,2,3,4,5}),tblTasks[Target End Date],">="&(F$36+{0,1,2,3,4,5}))*(COUNTIF(tblHolidays[Holiday Date],F$36+{0,1,2,3,4,5})=0)*(WEEKDAY(F$36+{0,1,2,3,4,5},2)<=Settings!$J$17)))} -> 0 | G46: {=IF($A$44="","",SUMPRODUCT(SUMIFS(tblTasks[Hours per Working Day],tblTasks[Designer],$A$44,tblTasks[Start Date],"<="&(G$36+{0,1,2,3,4,5}),tblTasks[Target End Date],">="&(G$36+{0,1,2,3,4,5}))*(COUNTIF(tblHolidays[Holiday Date],G$36+{0,1,2,3,4,5})=0)*(WEEKDAY(G$36+{0,1,2,3,4,5},2)<=Settings!$J$17)))} -> 0 | H46: {=IF($A$44="","",SUMPRODUCT(SUMIFS(tblTasks[Hours per Working Day],tblTasks[Designer],$A$44,tblTasks[Start Date],"<="&(H$36+{0,1,2,3,4,5}),tblTasks[Target End Date],">="&(H$36+{0,1,2,3,4,5}))*(COUNTIF(tblHolidays[Holiday Date],H$36+{0,1,2,3,4,5})=0)*(WEEKDAY(H$36+{0,1,2,3,4,5},2)<=Settings!$J$17)))} -> 0 | I46: {=IF($A$44="","",SUMPRODUCT(SUMIFS(tblTasks[Hours per Working Day],tblTasks[Designer],$A$44,tblTasks[Start Date],"<="&(I$36+{0,1,2,3,4,5}),tblTasks[Target End Date],">="&(I$36+{0,1,2,3,4,5}))*(COUNTIF(tblHolidays[Holiday Date],I$36+{0,1,2,3,4,5})=0)*(WEEKDAY(I$36+{0,1,2,3,4,5},2)<=Settings!$J$17)))} -> 0 | J46: {=IF($A$44="","",SUMPRODUCT(SUMIFS(tblTasks[Hours per Working Day],tblTasks[Designer],$A$44,tblTasks[Start Date],"<="&(J$36+{0,1,2,3,4,5}),tblTasks[Target End Date],">="&(J$36+{0,1,2,3,4,5}))*(COUNTIF(tblHolidays[Holiday Date],J$36+{0,1,2,3,4,5})=0)*(WEEKDAY(J$36+{0,1,2,3,4,5},2)<=Settings!$J$17)))} -> 0
B47: Utilisation | C47: =IF($A$44="","",IF(C45=0,IF(C46>0,"No capacity","-"),C46/C45)) -> 0 | D47: =IF($A$44="","",IF(D45=0,IF(D46>0,"No capacity","-"),D46/D45)) -> 0 | E47: =IF($A$44="","",IF(E45=0,IF(E46>0,"No capacity","-"),E46/E45)) -> 0 | F47: =IF($A$44="","",IF(F45=0,IF(F46>0,"No capacity","-"),F46/F45)) -> 0 | G47: =IF($A$44="","",IF(G45=0,IF(G46>0,"No capacity","-"),G46/G45)) -> 0 | H47: =IF($A$44="","",IF(H45=0,IF(H46>0,"No capacity","-"),H46/H45)) -> 0 | I47: =IF($A$44="","",IF(I45=0,IF(I46>0,"No capacity","-"),I46/I45)) -> 0 | J47: =IF($A$44="","",IF(J45=0,IF(J46>0,"No capacity","-"),J46/J45)) -> 0
B48: Headroom (hrs) | C48: =IF($A$44="","",C45-C46) -> 48 | D48: =IF($A$44="","",D45-D46) -> 48 | E48: =IF($A$44="","",E45-E46) -> 48 | F48: =IF($A$44="","",F45-F46) -> 48 | G48: =IF($A$44="","",G45-G46) -> 48 | H48: =IF($A$44="","",H45-H46) -> 48 | I48: =IF($A$44="","",I45-I46) -> 48 | J48: =IF($A$44="","",J45-J46) -> 48
B49: Status | C49: =IF($A$44="","",IF(C45=0,IF(C46>0,"Overloaded","On leave / holiday"),IF(C47>Settings!$J$20,"Overloaded",IF(C47<Settings!$J$21,"Under-utilised","Balanced")))) -> Under-utilised | D49: =IF($A$44="","",IF(D45=0,IF(D46>0,"Overloaded","On leave / holiday"),IF(D47>Settings!$J$20,"Overloaded",IF(D47<Settings!$J$21,"Under-utilised","Balanced")))) -> Under-utilised | E49: =IF($A$44="","",IF(E45=0,IF(E46>0,"Overloaded","On leave / holiday"),IF(E47>Settings!$J$20,"Overloaded",IF(E47<Settings!$J$21,"Under-utilised","Balanced")))) -> Under-utilised | F49: =IF($A$44="","",IF(F45=0,IF(F46>0,"Overloaded","On leave / holiday"),IF(F47>Settings!$J$20,"Overloaded",IF(F47<Settings!$J$21,"Under-utilised","Balanced")))) -> Under-utilised | G49: =IF($A$44="","",IF(G45=0,IF(G46>0,"Overloaded","On leave / holiday"),IF(G47>Settings!$J$20,"Overloaded",IF(G47<Settings!$J$21,"Under-utilised","Balanced")))) -> Under-utilised | H49: =IF($A$44="","",IF(H45=0,IF(H46>0,"Overloaded","On leave / holiday"),IF(H47>Settings!$J$20,"Overloaded",IF(H47<Settings!$J$21,"Under-utilised","Balanced")))) -> Under-utilised | I49: =IF($A$44="","",IF(I45=0,IF(I46>0,"Overloaded","On leave / holiday"),IF(I47>Settings!$J$20,"Overloaded",IF(I47<Settings!$J$21,"Under-utilised","Balanced")))) -> Under-utilised | J49: =IF($A$44="","",IF(J45=0,IF(J46>0,"Overloaded","On leave / holiday"),IF(J47>Settings!$J$20,"Overloaded",IF(J47<Settings!$J$21,"Under-utilised","Balanced")))) -> Under-utilised
A50: =IF(Settings!A7="","",Settings!A7) | B50: Leave (days) | C50: {=IF($A$50="","",SUMPRODUCT((COUNTIFS(tblLeave[Designer],$A$50,tblLeave[From],"<="&(C$36+{0,1,2,3,4,5}),tblLeave[To],">="&(C$36+{0,1,2,3,4,5}))>0)*(COUNTIF(tblHolidays[Holiday Date],C$36+{0,1,2,3,4,5})=0)*(WEEKDAY(C$36+{0,1,2,3,4,5},2)<=Settings!$J$17)))} | D50: {=IF($A$50="","",SUMPRODUCT((COUNTIFS(tblLeave[Designer],$A$50,tblLeave[From],"<="&(D$36+{0,1,2,3,4,5}),tblLeave[To],">="&(D$36+{0,1,2,3,4,5}))>0)*(COUNTIF(tblHolidays[Holiday Date],D$36+{0,1,2,3,4,5})=0)*(WEEKDAY(D$36+{0,1,2,3,4,5},2)<=Settings!$J$17)))} | E50: {=IF($A$50="","",SUMPRODUCT((COUNTIFS(tblLeave[Designer],$A$50,tblLeave[From],"<="&(E$36+{0,1,2,3,4,5}),tblLeave[To],">="&(E$36+{0,1,2,3,4,5}))>0)*(COUNTIF(tblHolidays[Holiday Date],E$36+{0,1,2,3,4,5})=0)*(WEEKDAY(E$36+{0,1,2,3,4,5},2)<=Settings!$J$17)))} | F50: {=IF($A$50="","",SUMPRODUCT((COUNTIFS(tblLeave[Designer],$A$50,tblLeave[From],"<="&(F$36+{0,1,2,3,4,5}),tblLeave[To],">="&(F$36+{0,1,2,3,4,5}))>0)*(COUNTIF(tblHolidays[Holiday Date],F$36+{0,1,2,3,4,5})=0)*(WEEKDAY(F$36+{0,1,2,3,4,5},2)<=Settings!$J$17)))} | G50: {=IF($A$50="","",SUMPRODUCT((COUNTIFS(tblLeave[Designer],$A$50,tblLeave[From],"<="&(G$36+{0,1,2,3,4,5}),tblLeave[To],">="&(G$36+{0,1,2,3,4,5}))>0)*(COUNTIF(tblHolidays[Holiday Date],G$36+{0,1,2,3,4,5})=0)*(WEEKDAY(G$36+{0,1,2,3,4,5},2)<=Settings!$J$17)))} | H50: {=IF($A$50="","",SUMPRODUCT((COUNTIFS(tblLeave[Designer],$A$50,tblLeave[From],"<="&(H$36+{0,1,2,3,4,5}),tblLeave[To],">="&(H$36+{0,1,2,3,4,5}))>0)*(COUNTIF(tblHolidays[Holiday Date],H$36+{0,1,2,3,4,5})=0)*(WEEKDAY(H$36+{0,1,2,3,4,5},2)<=Settings!$J$17)))} | I50: {=IF($A$50="","",SUMPRODUCT((COUNTIFS(tblLeave[Designer],$A$50,tblLeave[From],"<="&(I$36+{0,1,2,3,4,5}),tblLeave[To],">="&(I$36+{0,1,2,3,4,5}))>0)*(COUNTIF(tblHolidays[Holiday Date],I$36+{0,1,2,3,4,5})=0)*(WEEKDAY(I$36+{0,1,2,3,4,5},2)<=Settings!$J$17)))} | J50: {=IF($A$50="","",SUMPRODUCT((COUNTIFS(tblLeave[Designer],$A$50,tblLeave[From],"<="&(J$36+{0,1,2,3,4,5}),tblLeave[To],">="&(J$36+{0,1,2,3,4,5}))>0)*(COUNTIF(tblHolidays[Holiday Date],J$36+{0,1,2,3,4,5})=0)*(WEEKDAY(J$36+{0,1,2,3,4,5},2)<=Settings!$J$17)))}
B51: Available (hrs) | C51: =IF($A$50="","",MAX(0,Settings!$J$17-C$37-C50)*Settings!$J$18) | D51: =IF($A$50="","",MAX(0,Settings!$J$17-D$37-D50)*Settings!$J$18) | E51: =IF($A$50="","",MAX(0,Settings!$J$17-E$37-E50)*Settings!$J$18) | F51: =IF($A$50="","",MAX(0,Settings!$J$17-F$37-F50)*Settings!$J$18) | G51: =IF($A$50="","",MAX(0,Settings!$J$17-G$37-G50)*Settings!$J$18) | H51: =IF($A$50="","",MAX(0,Settings!$J$17-H$37-H50)*Settings!$J$18) | I51: =IF($A$50="","",MAX(0,Settings!$J$17-I$37-I50)*Settings!$J$18) | J51: =IF($A$50="","",MAX(0,Settings!$J$17-J$37-J50)*Settings!$J$18)
B52: Allocated (hrs) | C52: {=IF($A$50="","",SUMPRODUCT(SUMIFS(tblTasks[Hours per Working Day],tblTasks[Designer],$A$50,tblTasks[Start Date],"<="&(C$36+{0,1,2,3,4,5}),tblTasks[Target End Date],">="&(C$36+{0,1,2,3,4,5}))*(COUNTIF(tblHolidays[Holiday Date],C$36+{0,1,2,3,4,5})=0)*(WEEKDAY(C$36+{0,1,2,3,4,5},2)<=Settings!$J$17)))} | D52: {=IF($A$50="","",SUMPRODUCT(SUMIFS(tblTasks[Hours per Working Day],tblTasks[Designer],$A$50,tblTasks[Start Date],"<="&(D$36+{0,1,2,3,4,5}),tblTasks[Target End Date],">="&(D$36+{0,1,2,3,4,5}))*(COUNTIF(tblHolidays[Holiday Date],D$36+{0,1,2,3,4,5})=0)*(WEEKDAY(D$36+{0,1,2,3,4,5},2)<=Settings!$J$17)))} | E52: {=IF($A$50="","",SUMPRODUCT(SUMIFS(tblTasks[Hours per Working Day],tblTasks[Designer],$A$50,tblTasks[Start Date],"<="&(E$36+{0,1,2,3,4,5}),tblTasks[Target End Date],">="&(E$36+{0,1,2,3,4,5}))*(COUNTIF(tblHolidays[Holiday Date],E$36+{0,1,2,3,4,5})=0)*(WEEKDAY(E$36+{0,1,2,3,4,5},2)<=Settings!$J$17)))} | F52: {=IF($A$50="","",SUMPRODUCT(SUMIFS(tblTasks[Hours per Working Day],tblTasks[Designer],$A$50,tblTasks[Start Date],"<="&(F$36+{0,1,2,3,4,5}),tblTasks[Target End Date],">="&(F$36+{0,1,2,3,4,5}))*(COUNTIF(tblHolidays[Holiday Date],F$36+{0,1,2,3,4,5})=0)*(WEEKDAY(F$36+{0,1,2,3,4,5},2)<=Settings!$J$17)))} | G52: {=IF($A$50="","",SUMPRODUCT(SUMIFS(tblTasks[Hours per Working Day],tblTasks[Designer],$A$50,tblTasks[Start Date],"<="&(G$36+{0,1,2,3,4,5}),tblTasks[Target End Date],">="&(G$36+{0,1,2,3,4,5}))*(COUNTIF(tblHolidays[Holiday Date],G$36+{0,1,2,3,4,5})=0)*(WEEKDAY(G$36+{0,1,2,3,4,5},2)<=Settings!$J$17)))} | H52: {=IF($A$50="","",SUMPRODUCT(SUMIFS(tblTasks[Hours per Working Day],tblTasks[Designer],$A$50,tblTasks[Start Date],"<="&(H$36+{0,1,2,3,4,5}),tblTasks[Target End Date],">="&(H$36+{0,1,2,3,4,5}))*(COUNTIF(tblHolidays[Holiday Date],H$36+{0,1,2,3,4,5})=0)*(WEEKDAY(H$36+{0,1,2,3,4,5},2)<=Settings!$J$17)))} | I52: {=IF($A$50="","",SUMPRODUCT(SUMIFS(tblTasks[Hours per Working Day],tblTasks[Designer],$A$50,tblTasks[Start Date],"<="&(I$36+{0,1,2,3,4,5}),tblTasks[Target End Date],">="&(I$36+{0,1,2,3,4,5}))*(COUNTIF(tblHolidays[Holiday Date],I$36+{0,1,2,3,4,5})=0)*(WEEKDAY(I$36+{0,1,2,3,4,5},2)<=Settings!$J$17)))} | J52: {=IF($A$50="","",SUMPRODUCT(SUMIFS(tblTasks[Hours per Working Day],tblTasks[Designer],$A$50,tblTasks[Start Date],"<="&(J$36+{0,1,2,3,4,5}),tblTasks[Target End Date],">="&(J$36+{0,1,2,3,4,5}))*(COUNTIF(tblHolidays[Holiday Date],J$36+{0,1,2,3,4,5})=0)*(WEEKDAY(J$36+{0,1,2,3,4,5},2)<=Settings!$J$17)))}
B53: Utilisation | C53: =IF($A$50="","",IF(C51=0,IF(C52>0,"No capacity","-"),C52/C51)) | D53: =IF($A$50="","",IF(D51=0,IF(D52>0,"No capacity","-"),D52/D51)) | E53: =IF($A$50="","",IF(E51=0,IF(E52>0,"No capacity","-"),E52/E51)) | F53: =IF($A$50="","",IF(F51=0,IF(F52>0,"No capacity","-"),F52/F51)) | G53: =IF($A$50="","",IF(G51=0,IF(G52>0,"No capacity","-"),G52/G51)) | H53: =IF($A$50="","",IF(H51=0,IF(H52>0,"No capacity","-"),H52/H51)) | I53: =IF($A$50="","",IF(I51=0,IF(I52>0,"No capacity","-"),I52/I51)) | J53: =IF($A$50="","",IF(J51=0,IF(J52>0,"No capacity","-"),J52/J51))
B54: Headroom (hrs) | C54: =IF($A$50="","",C51-C52) | D54: =IF($A$50="","",D51-D52) | E54: =IF($A$50="","",E51-E52) | F54: =IF($A$50="","",F51-F52) | G54: =IF($A$50="","",G51-G52) | H54: =IF($A$50="","",H51-H52) | I54: =IF($A$50="","",I51-I52) | J54: =IF($A$50="","",J51-J52)
B55: Status | C55: =IF($A$50="","",IF(C51=0,IF(C52>0,"Overloaded","On leave / holiday"),IF(C53>Settings!$J$20,"Overloaded",IF(C53<Settings!$J$21,"Under-utilised","Balanced")))) | D55: =IF($A$50="","",IF(D51=0,IF(D52>0,"Overloaded","On leave / holiday"),IF(D53>Settings!$J$20,"Overloaded",IF(D53<Settings!$J$21,"Under-utilised","Balanced")))) | E55: =IF($A$50="","",IF(E51=0,IF(E52>0,"Overloaded","On leave / holiday"),IF(E53>Settings!$J$20,"Overloaded",IF(E53<Settings!$J$21,"Under-utilised","Balanced")))) | F55: =IF($A$50="","",IF(F51=0,IF(F52>0,"Overloaded","On leave / holiday"),IF(F53>Settings!$J$20,"Overloaded",IF(F53<Settings!$J$21,"Under-utilised","Balanced")))) | G55: =IF($A$50="","",IF(G51=0,IF(G52>0,"Overloaded","On leave / holiday"),IF(G53>Settings!$J$20,"Overloaded",IF(G53<Settings!$J$21,"Under-utilised","Balanced")))) | H55: =IF($A$50="","",IF(H51=0,IF(H52>0,"Overloaded","On leave / holiday"),IF(H53>Settings!$J$20,"Overloaded",IF(H53<Settings!$J$21,"Under-utilised","Balanced")))) | I55: =IF($A$50="","",IF(I51=0,IF(I52>0,"Overloaded","On leave / holiday"),IF(I53>Settings!$J$20,"Overloaded",IF(I53<Settings!$J$21,"Under-utilised","Balanced")))) | J55: =IF($A$50="","",IF(J51=0,IF(J52>0,"Overloaded","On leave / holiday"),IF(J53>Settings!$J$20,"Overloaded",IF(J53<Settings!$J$21,"Under-utilised","Balanced"))))
A56: =IF(Settings!A8="","",Settings!A8) | B56: Leave (days) | C56: {=IF($A$56="","",SUMPRODUCT((COUNTIFS(tblLeave[Designer],$A$56,tblLeave[From],"<="&(C$36+{0,1,2,3,4,5}),tblLeave[To],">="&(C$36+{0,1,2,3,4,5}))>0)*(COUNTIF(tblHolidays[Holiday Date],C$36+{0,1,2,3,4,5})=0)*(WEEKDAY(C$36+{0,1,2,3,4,5},2)<=Settings!$J$17)))} | D56: {=IF($A$56="","",SUMPRODUCT((COUNTIFS(tblLeave[Designer],$A$56,tblLeave[From],"<="&(D$36+{0,1,2,3,4,5}),tblLeave[To],">="&(D$36+{0,1,2,3,4,5}))>0)*(COUNTIF(tblHolidays[Holiday Date],D$36+{0,1,2,3,4,5})=0)*(WEEKDAY(D$36+{0,1,2,3,4,5},2)<=Settings!$J$17)))} | E56: {=IF($A$56="","",SUMPRODUCT((COUNTIFS(tblLeave[Designer],$A$56,tblLeave[From],"<="&(E$36+{0,1,2,3,4,5}),tblLeave[To],">="&(E$36+{0,1,2,3,4,5}))>0)*(COUNTIF(tblHolidays[Holiday Date],E$36+{0,1,2,3,4,5})=0)*(WEEKDAY(E$36+{0,1,2,3,4,5},2)<=Settings!$J$17)))} | F56: {=IF($A$56="","",SUMPRODUCT((COUNTIFS(tblLeave[Designer],$A$56,tblLeave[From],"<="&(F$36+{0,1,2,3,4,5}),tblLeave[To],">="&(F$36+{0,1,2,3,4,5}))>0)*(COUNTIF(tblHolidays[Holiday Date],F$36+{0,1,2,3,4,5})=0)*(WEEKDAY(F$36+{0,1,2,3,4,5},2)<=Settings!$J$17)))} | G56: {=IF($A$56="","",SUMPRODUCT((COUNTIFS(tblLeave[Designer],$A$56,tblLeave[From],"<="&(G$36+{0,1,2,3,4,5}),tblLeave[To],">="&(G$36+{0,1,2,3,4,5}))>0)*(COUNTIF(tblHolidays[Holiday Date],G$36+{0,1,2,3,4,5})=0)*(WEEKDAY(G$36+{0,1,2,3,4,5},2)<=Settings!$J$17)))} | H56: {=IF($A$56="","",SUMPRODUCT((COUNTIFS(tblLeave[Designer],$A$56,tblLeave[From],"<="&(H$36+{0,1,2,3,4,5}),tblLeave[To],">="&(H$36+{0,1,2,3,4,5}))>0)*(COUNTIF(tblHolidays[Holiday Date],H$36+{0,1,2,3,4,5})=0)*(WEEKDAY(H$36+{0,1,2,3,4,5},2)<=Settings!$J$17)))} | I56: {=IF($A$56="","",SUMPRODUCT((COUNTIFS(tblLeave[Designer],$A$56,tblLeave[From],"<="&(I$36+{0,1,2,3,4,5}),tblLeave[To],">="&(I$36+{0,1,2,3,4,5}))>0)*(COUNTIF(tblHolidays[Holiday Date],I$36+{0,1,2,3,4,5})=0)*(WEEKDAY(I$36+{0,1,2,3,4,5},2)<=Settings!$J$17)))} | J56: {=IF($A$56="","",SUMPRODUCT((COUNTIFS(tblLeave[Designer],$A$56,tblLeave[From],"<="&(J$36+{0,1,2,3,4,5}),tblLeave[To],">="&(J$36+{0,1,2,3,4,5}))>0)*(COUNTIF(tblHolidays[Holiday Date],J$36+{0,1,2,3,4,5})=0)*(WEEKDAY(J$36+{0,1,2,3,4,5},2)<=Settings!$J$17)))}
B57: Available (hrs) | C57: =IF($A$56="","",MAX(0,Settings!$J$17-C$37-C56)*Settings!$J$18) | D57: =IF($A$56="","",MAX(0,Settings!$J$17-D$37-D56)*Settings!$J$18) | E57: =IF($A$56="","",MAX(0,Settings!$J$17-E$37-E56)*Settings!$J$18) | F57: =IF($A$56="","",MAX(0,Settings!$J$17-F$37-F56)*Settings!$J$18) | G57: =IF($A$56="","",MAX(0,Settings!$J$17-G$37-G56)*Settings!$J$18) | H57: =IF($A$56="","",MAX(0,Settings!$J$17-H$37-H56)*Settings!$J$18) | I57: =IF($A$56="","",MAX(0,Settings!$J$17-I$37-I56)*Settings!$J$18) | J57: =IF($A$56="","",MAX(0,Settings!$J$17-J$37-J56)*Settings!$J$18)
B58: Allocated (hrs) | C58: {=IF($A$56="","",SUMPRODUCT(SUMIFS(tblTasks[Hours per Working Day],tblTasks[Designer],$A$56,tblTasks[Start Date],"<="&(C$36+{0,1,2,3,4,5}),tblTasks[Target End Date],">="&(C$36+{0,1,2,3,4,5}))*(COUNTIF(tblHolidays[Holiday Date],C$36+{0,1,2,3,4,5})=0)*(WEEKDAY(C$36+{0,1,2,3,4,5},2)<=Settings!$J$17)))} | D58: {=IF($A$56="","",SUMPRODUCT(SUMIFS(tblTasks[Hours per Working Day],tblTasks[Designer],$A$56,tblTasks[Start Date],"<="&(D$36+{0,1,2,3,4,5}),tblTasks[Target End Date],">="&(D$36+{0,1,2,3,4,5}))*(COUNTIF(tblHolidays[Holiday Date],D$36+{0,1,2,3,4,5})=0)*(WEEKDAY(D$36+{0,1,2,3,4,5},2)<=Settings!$J$17)))} | E58: {=IF($A$56="","",SUMPRODUCT(SUMIFS(tblTasks[Hours per Working Day],tblTasks[Designer],$A$56,tblTasks[Start Date],"<="&(E$36+{0,1,2,3,4,5}),tblTasks[Target End Date],">="&(E$36+{0,1,2,3,4,5}))*(COUNTIF(tblHolidays[Holiday Date],E$36+{0,1,2,3,4,5})=0)*(WEEKDAY(E$36+{0,1,2,3,4,5},2)<=Settings!$J$17)))} | F58: {=IF($A$56="","",SUMPRODUCT(SUMIFS(tblTasks[Hours per Working Day],tblTasks[Designer],$A$56,tblTasks[Start Date],"<="&(F$36+{0,1,2,3,4,5}),tblTasks[Target End Date],">="&(F$36+{0,1,2,3,4,5}))*(COUNTIF(tblHolidays[Holiday Date],F$36+{0,1,2,3,4,5})=0)*(WEEKDAY(F$36+{0,1,2,3,4,5},2)<=Settings!$J$17)))} | G58: {=IF($A$56="","",SUMPRODUCT(SUMIFS(tblTasks[Hours per Working Day],tblTasks[Designer],$A$56,tblTasks[Start Date],"<="&(G$36+{0,1,2,3,4,5}),tblTasks[Target End Date],">="&(G$36+{0,1,2,3,4,5}))*(COUNTIF(tblHolidays[Holiday Date],G$36+{0,1,2,3,4,5})=0)*(WEEKDAY(G$36+{0,1,2,3,4,5},2)<=Settings!$J$17)))} | H58: {=IF($A$56="","",SUMPRODUCT(SUMIFS(tblTasks[Hours per Working Day],tblTasks[Designer],$A$56,tblTasks[Start Date],"<="&(H$36+{0,1,2,3,4,5}),tblTasks[Target End Date],">="&(H$36+{0,1,2,3,4,5}))*(COUNTIF(tblHolidays[Holiday Date],H$36+{0,1,2,3,4,5})=0)*(WEEKDAY(H$36+{0,1,2,3,4,5},2)<=Settings!$J$17)))} | I58: {=IF($A$56="","",SUMPRODUCT(SUMIFS(tblTasks[Hours per Working Day],tblTasks[Designer],$A$56,tblTasks[Start Date],"<="&(I$36+{0,1,2,3,4,5}),tblTasks[Target End Date],">="&(I$36+{0,1,2,3,4,5}))*(COUNTIF(tblHolidays[Holiday Date],I$36+{0,1,2,3,4,5})=0)*(WEEKDAY(I$36+{0,1,2,3,4,5},2)<=Settings!$J$17)))} | J58: {=IF($A$56="","",SUMPRODUCT(SUMIFS(tblTasks[Hours per Working Day],tblTasks[Designer],$A$56,tblTasks[Start Date],"<="&(J$36+{0,1,2,3,4,5}),tblTasks[Target End Date],">="&(J$36+{0,1,2,3,4,5}))*(COUNTIF(tblHolidays[Holiday Date],J$36+{0,1,2,3,4,5})=0)*(WEEKDAY(J$36+{0,1,2,3,4,5},2)<=Settings!$J$17)))}
B59: Utilisation | C59: =IF($A$56="","",IF(C57=0,IF(C58>0,"No capacity","-"),C58/C57)) | D59: =IF($A$56="","",IF(D57=0,IF(D58>0,"No capacity","-"),D58/D57)) | E59: =IF($A$56="","",IF(E57=0,IF(E58>0,"No capacity","-"),E58/E57)) | F59: =IF($A$56="","",IF(F57=0,IF(F58>0,"No capacity","-"),F58/F57)) | G59: =IF($A$56="","",IF(G57=0,IF(G58>0,"No capacity","-"),G58/G57)) | H59: =IF($A$56="","",IF(H57=0,IF(H58>0,"No capacity","-"),H58/H57)) | I59: =IF($A$56="","",IF(I57=0,IF(I58>0,"No capacity","-"),I58/I57)) | J59: =IF($A$56="","",IF(J57=0,IF(J58>0,"No capacity","-"),J58/J57))
B60: Headroom (hrs) | C60: =IF($A$56="","",C57-C58) | D60: =IF($A$56="","",D57-D58) | E60: =IF($A$56="","",E57-E58) | F60: =IF($A$56="","",F57-F58) | G60: =IF($A$56="","",G57-G58) | H60: =IF($A$56="","",H57-H58) | I60: =IF($A$56="","",I57-I58) | J60: =IF($A$56="","",J57-J58)
B61: Status | C61: =IF($A$56="","",IF(C57=0,IF(C58>0,"Overloaded","On leave / holiday"),IF(C59>Settings!$J$20,"Overloaded",IF(C59<Settings!$J$21,"Under-utilised","Balanced")))) | D61: =IF($A$56="","",IF(D57=0,IF(D58>0,"Overloaded","On leave / holiday"),IF(D59>Settings!$J$20,"Overloaded",IF(D59<Settings!$J$21,"Under-utilised","Balanced")))) | E61: =IF($A$56="","",IF(E57=0,IF(E58>0,"Overloaded","On leave / holiday"),IF(E59>Settings!$J$20,"Overloaded",IF(E59<Settings!$J$21,"Under-utilised","Balanced")))) | F61: =IF($A$56="","",IF(F57=0,IF(F58>0,"Overloaded","On leave / holiday"),IF(F59>Settings!$J$20,"Overloaded",IF(F59<Settings!$J$21,"Under-utilised","Balanced")))) | G61: =IF($A$56="","",IF(G57=0,IF(G58>0,"Overloaded","On leave / holiday"),IF(G59>Settings!$J$20,"Overloaded",IF(G59<Settings!$J$21,"Under-utilised","Balanced")))) | H61: =IF($A$56="","",IF(H57=0,IF(H58>0,"Overloaded","On leave / holiday"),IF(H59>Settings!$J$20,"Overloaded",IF(H59<Settings!$J$21,"Under-utilised","Balanced")))) | I61: =IF($A$56="","",IF(I57=0,IF(I58>0,"Overloaded","On leave / holiday"),IF(I59>Settings!$J$20,"Overloaded",IF(I59<Settings!$J$21,"Under-utilised","Balanced")))) | J61: =IF($A$56="","",IF(J57=0,IF(J58>0,"Overloaded","On leave / holiday"),IF(J59>Settings!$J$20,"Overloaded",IF(J59<Settings!$J$21,"Under-utilised","Balanced"))))
A62: =IF(Settings!A9="","",Settings!A9) | B62: Leave (days) | C62: {=IF($A$62="","",SUMPRODUCT((COUNTIFS(tblLeave[Designer],$A$62,tblLeave[From],"<="&(C$36+{0,1,2,3,4,5}),tblLeave[To],">="&(C$36+{0,1,2,3,4,5}))>0)*(COUNTIF(tblHolidays[Holiday Date],C$36+{0,1,2,3,4,5})=0)*(WEEKDAY(C$36+{0,1,2,3,4,5},2)<=Settings!$J$17)))} | D62: {=IF($A$62="","",SUMPRODUCT((COUNTIFS(tblLeave[Designer],$A$62,tblLeave[From],"<="&(D$36+{0,1,2,3,4,5}),tblLeave[To],">="&(D$36+{0,1,2,3,4,5}))>0)*(COUNTIF(tblHolidays[Holiday Date],D$36+{0,1,2,3,4,5})=0)*(WEEKDAY(D$36+{0,1,2,3,4,5},2)<=Settings!$J$17)))} | E62: {=IF($A$62="","",SUMPRODUCT((COUNTIFS(tblLeave[Designer],$A$62,tblLeave[From],"<="&(E$36+{0,1,2,3,4,5}),tblLeave[To],">="&(E$36+{0,1,2,3,4,5}))>0)*(COUNTIF(tblHolidays[Holiday Date],E$36+{0,1,2,3,4,5})=0)*(WEEKDAY(E$36+{0,1,2,3,4,5},2)<=Settings!$J$17)))} | F62: {=IF($A$62="","",SUMPRODUCT((COUNTIFS(tblLeave[Designer],$A$62,tblLeave[From],"<="&(F$36+{0,1,2,3,4,5}),tblLeave[To],">="&(F$36+{0,1,2,3,4,5}))>0)*(COUNTIF(tblHolidays[Holiday Date],F$36+{0,1,2,3,4,5})=0)*(WEEKDAY(F$36+{0,1,2,3,4,5},2)<=Settings!$J$17)))} | G62: {=IF($A$62="","",SUMPRODUCT((COUNTIFS(tblLeave[Designer],$A$62,tblLeave[From],"<="&(G$36+{0,1,2,3,4,5}),tblLeave[To],">="&(G$36+{0,1,2,3,4,5}))>0)*(COUNTIF(tblHolidays[Holiday Date],G$36+{0,1,2,3,4,5})=0)*(WEEKDAY(G$36+{0,1,2,3,4,5},2)<=Settings!$J$17)))} | H62: {=IF($A$62="","",SUMPRODUCT((COUNTIFS(tblLeave[Designer],$A$62,tblLeave[From],"<="&(H$36+{0,1,2,3,4,5}),tblLeave[To],">="&(H$36+{0,1,2,3,4,5}))>0)*(COUNTIF(tblHolidays[Holiday Date],H$36+{0,1,2,3,4,5})=0)*(WEEKDAY(H$36+{0,1,2,3,4,5},2)<=Settings!$J$17)))} | I62: {=IF($A$62="","",SUMPRODUCT((COUNTIFS(tblLeave[Designer],$A$62,tblLeave[From],"<="&(I$36+{0,1,2,3,4,5}),tblLeave[To],">="&(I$36+{0,1,2,3,4,5}))>0)*(COUNTIF(tblHolidays[Holiday Date],I$36+{0,1,2,3,4,5})=0)*(WEEKDAY(I$36+{0,1,2,3,4,5},2)<=Settings!$J$17)))} | J62: {=IF($A$62="","",SUMPRODUCT((COUNTIFS(tblLeave[Designer],$A$62,tblLeave[From],"<="&(J$36+{0,1,2,3,4,5}),tblLeave[To],">="&(J$36+{0,1,2,3,4,5}))>0)*(COUNTIF(tblHolidays[Holiday Date],J$36+{0,1,2,3,4,5})=0)*(WEEKDAY(J$36+{0,1,2,3,4,5},2)<=Settings!$J$17)))}
B63: Available (hrs) | C63: =IF($A$62="","",MAX(0,Settings!$J$17-C$37-C62)*Settings!$J$18) | D63: =IF($A$62="","",MAX(0,Settings!$J$17-D$37-D62)*Settings!$J$18) | E63: =IF($A$62="","",MAX(0,Settings!$J$17-E$37-E62)*Settings!$J$18) | F63: =IF($A$62="","",MAX(0,Settings!$J$17-F$37-F62)*Settings!$J$18) | G63: =IF($A$62="","",MAX(0,Settings!$J$17-G$37-G62)*Settings!$J$18) | H63: =IF($A$62="","",MAX(0,Settings!$J$17-H$37-H62)*Settings!$J$18) | I63: =IF($A$62="","",MAX(0,Settings!$J$17-I$37-I62)*Settings!$J$18) | J63: =IF($A$62="","",MAX(0,Settings!$J$17-J$37-J62)*Settings!$J$18)
B64: Allocated (hrs) | C64: {=IF($A$62="","",SUMPRODUCT(SUMIFS(tblTasks[Hours per Working Day],tblTasks[Designer],$A$62,tblTasks[Start Date],"<="&(C$36+{0,1,2,3,4,5}),tblTasks[Target End Date],">="&(C$36+{0,1,2,3,4,5}))*(COUNTIF(tblHolidays[Holiday Date],C$36+{0,1,2,3,4,5})=0)*(WEEKDAY(C$36+{0,1,2,3,4,5},2)<=Settings!$J$17)))} | D64: {=IF($A$62="","",SUMPRODUCT(SUMIFS(tblTasks[Hours per Working Day],tblTasks[Designer],$A$62,tblTasks[Start Date],"<="&(D$36+{0,1,2,3,4,5}),tblTasks[Target End Date],">="&(D$36+{0,1,2,3,4,5}))*(COUNTIF(tblHolidays[Holiday Date],D$36+{0,1,2,3,4,5})=0)*(WEEKDAY(D$36+{0,1,2,3,4,5},2)<=Settings!$J$17)))} | E64: {=IF($A$62="","",SUMPRODUCT(SUMIFS(tblTasks[Hours per Working Day],tblTasks[Designer],$A$62,tblTasks[Start Date],"<="&(E$36+{0,1,2,3,4,5}),tblTasks[Target End Date],">="&(E$36+{0,1,2,3,4,5}))*(COUNTIF(tblHolidays[Holiday Date],E$36+{0,1,2,3,4,5})=0)*(WEEKDAY(E$36+{0,1,2,3,4,5},2)<=Settings!$J$17)))} | F64: {=IF($A$62="","",SUMPRODUCT(SUMIFS(tblTasks[Hours per Working Day],tblTasks[Designer],$A$62,tblTasks[Start Date],"<="&(F$36+{0,1,2,3,4,5}),tblTasks[Target End Date],">="&(F$36+{0,1,2,3,4,5}))*(COUNTIF(tblHolidays[Holiday Date],F$36+{0,1,2,3,4,5})=0)*(WEEKDAY(F$36+{0,1,2,3,4,5},2)<=Settings!$J$17)))} | G64: {=IF($A$62="","",SUMPRODUCT(SUMIFS(tblTasks[Hours per Working Day],tblTasks[Designer],$A$62,tblTasks[Start Date],"<="&(G$36+{0,1,2,3,4,5}),tblTasks[Target End Date],">="&(G$36+{0,1,2,3,4,5}))*(COUNTIF(tblHolidays[Holiday Date],G$36+{0,1,2,3,4,5})=0)*(WEEKDAY(G$36+{0,1,2,3,4,5},2)<=Settings!$J$17)))} | H64: {=IF($A$62="","",SUMPRODUCT(SUMIFS(tblTasks[Hours per Working Day],tblTasks[Designer],$A$62,tblTasks[Start Date],"<="&(H$36+{0,1,2,3,4,5}),tblTasks[Target End Date],">="&(H$36+{0,1,2,3,4,5}))*(COUNTIF(tblHolidays[Holiday Date],H$36+{0,1,2,3,4,5})=0)*(WEEKDAY(H$36+{0,1,2,3,4,5},2)<=Settings!$J$17)))} | I64: {=IF($A$62="","",SUMPRODUCT(SUMIFS(tblTasks[Hours per Working Day],tblTasks[Designer],$A$62,tblTasks[Start Date],"<="&(I$36+{0,1,2,3,4,5}),tblTasks[Target End Date],">="&(I$36+{0,1,2,3,4,5}))*(COUNTIF(tblHolidays[Holiday Date],I$36+{0,1,2,3,4,5})=0)*(WEEKDAY(I$36+{0,1,2,3,4,5},2)<=Settings!$J$17)))} | J64: {=IF($A$62="","",SUMPRODUCT(SUMIFS(tblTasks[Hours per Working Day],tblTasks[Designer],$A$62,tblTasks[Start Date],"<="&(J$36+{0,1,2,3,4,5}),tblTasks[Target End Date],">="&(J$36+{0,1,2,3,4,5}))*(COUNTIF(tblHolidays[Holiday Date],J$36+{0,1,2,3,4,5})=0)*(WEEKDAY(J$36+{0,1,2,3,4,5},2)<=Settings!$J$17)))}
B65: Utilisation | C65: =IF($A$62="","",IF(C63=0,IF(C64>0,"No capacity","-"),C64/C63)) | D65: =IF($A$62="","",IF(D63=0,IF(D64>0,"No capacity","-"),D64/D63)) | E65: =IF($A$62="","",IF(E63=0,IF(E64>0,"No capacity","-"),E64/E63)) | F65: =IF($A$62="","",IF(F63=0,IF(F64>0,"No capacity","-"),F64/F63)) | G65: =IF($A$62="","",IF(G63=0,IF(G64>0,"No capacity","-"),G64/G63)) | H65: =IF($A$62="","",IF(H63=0,IF(H64>0,"No capacity","-"),H64/H63)) | I65: =IF($A$62="","",IF(I63=0,IF(I64>0,"No capacity","-"),I64/I63)) | J65: =IF($A$62="","",IF(J63=0,IF(J64>0,"No capacity","-"),J64/J63))
B66: Headroom (hrs) | C66: =IF($A$62="","",C63-C64) | D66: =IF($A$62="","",D63-D64) | E66: =IF($A$62="","",E63-E64) | F66: =IF($A$62="","",F63-F64) | G66: =IF($A$62="","",G63-G64) | H66: =IF($A$62="","",H63-H64) | I66: =IF($A$62="","",I63-I64) | J66: =IF($A$62="","",J63-J64)
B67: Status | C67: =IF($A$62="","",IF(C63=0,IF(C64>0,"Overloaded","On leave / holiday"),IF(C65>Settings!$J$20,"Overloaded",IF(C65<Settings!$J$21,"Under-utilised","Balanced")))) | D67: =IF($A$62="","",IF(D63=0,IF(D64>0,"Overloaded","On leave / holiday"),IF(D65>Settings!$J$20,"Overloaded",IF(D65<Settings!$J$21,"Under-utilised","Balanced")))) | E67: =IF($A$62="","",IF(E63=0,IF(E64>0,"Overloaded","On leave / holiday"),IF(E65>Settings!$J$20,"Overloaded",IF(E65<Settings!$J$21,"Under-utilised","Balanced")))) | F67: =IF($A$62="","",IF(F63=0,IF(F64>0,"Overloaded","On leave / holiday"),IF(F65>Settings!$J$20,"Overloaded",IF(F65<Settings!$J$21,"Under-utilised","Balanced")))) | G67: =IF($A$62="","",IF(G63=0,IF(G64>0,"Overloaded","On leave / holiday"),IF(G65>Settings!$J$20,"Overloaded",IF(G65<Settings!$J$21,"Under-utilised","Balanced")))) | H67: =IF($A$62="","",IF(H63=0,IF(H64>0,"Overloaded","On leave / holiday"),IF(H65>Settings!$J$20,"Overloaded",IF(H65<Settings!$J$21,"Under-utilised","Balanced")))) | I67: =IF($A$62="","",IF(I63=0,IF(I64>0,"Overloaded","On leave / holiday"),IF(I65>Settings!$J$20,"Overloaded",IF(I65<Settings!$J$21,"Under-utilised","Balanced")))) | J67: =IF($A$62="","",IF(J63=0,IF(J64>0,"Overloaded","On leave / holiday"),IF(J65>Settings!$J$20,"Overloaded",IF(J65<Settings!$J$21,"Under-utilised","Balanced"))))

Sheet Settings
A1: Settings – Lists & Scoring
A2: Blue cells are editable. Dropdowns on the Tracker and the Scorecard read from here (Scorecard shows up to 5 designers and 5 PMs).
A4: Designers | B4: Project Managers | C4: Status | D4: Priority | F4: Project | G4: Project Lead (PM) | I4: Scoring Setting | J4: Value
A5: Pragati | B5: Raghav | C5: Not Started | D5: High | F5: Project 1 (rename) | G5: Raghav | I5: Speed weight (planned vs actual working days) | J5: 0.4
A6: Swathi | B6: SL | C6: In Progress | D6: Medium | F6: Project 2 (rename) | G6: SL | I6: Quality weight (fewer revision rounds) | J6: 0.4
B7: Arun | C7: In Review | D7: Low | F7: Project 3 (rename) | G7: Arun | I7: Commitment weight (open tasks not overdue) | J7: 0.2
B8: Naveen | C8: Blocked | F8: Project 4 (rename) | G8: Naveen | I8: Weights total (must be 100%) | J8: =SUM(J5:J7) -> 1 | K8: =IF(ROUND(J8,4)=1,"OK","Fix weights") -> OK
B9: Manu | C9: Done | F9: Project 5 (rename) | G9: Manu | I9: Revision rounds at which Quality score = 0 | J9: 4
I10: Rating: Excellent if score ≥ | J10: 85
I11: Rating: Good if score ≥ | J11: 70
I12: Rating: Needs Improvement if score ≥ | J12: 50
I13: Below the last threshold = At Risk
I15: Workload Setting | J15: Value
I16: Weekly working hours | J16: 48
I17: Working days per week (5 = Mon–Fri, 6 = Mon–Sat) | J17: 5
I18: Hours per working day (auto) | J18: =J16/J17 -> 9.6
I19: Weekend code used in date maths (auto) | J19: =IF(J17=6,11,1) -> 1
I20: Overloaded if utilisation above | J20: 1
I21: Under-utilised if utilisation below | J21: 0.7

Sheet Leave & Holidays
A1: Leave & Holidays
A2: Log every designer leave (one row per continuous leave) and every company holiday. They reduce weekly capacity on the Scorecard and are excluded from TAT working days.
A4: Designer | B4: From | C4: To | D4: Type | E4: Note | F4: Working Days Off | H4: Holiday Date | I4: Holiday
F5: =IF(OR(tblLeave[[#This Row],[From]]="",tblLeave[[#This Row],[To]]=""),"",NETWORKDAYS.INTL(tblLeave[[#This Row],[From]],tblLeave[[#This Row],[To]],Settings!$J$19,tblHolidays[Holiday Date]))
F6: =IF(OR(tblLeave[[#This Row],[From]]="",tblLeave[[#This Row],[To]]=""),"",NETWORKDAYS.INTL(tblLeave[[#This Row],[From]],tblLeave[[#This Row],[To]],Settings!$J$19,tblHolidays[Holiday Date]))
F7: =IF(OR(tblLeave[[#This Row],[From]]="",tblLeave[[#This Row],[To]]=""),"",NETWORKDAYS.INTL(tblLeave[[#This Row],[From]],tblLeave[[#This Row],[To]],Settings!$J$19,tblHolidays[Holiday Date]))
F8: =IF(OR(tblLeave[[#This Row],[From]]="",tblLeave[[#This Row],[To]]=""),"",NETWORKDAYS.INTL(tblLeave[[#This Row],[From]],tblLeave[[#This Row],[To]],Settings!$J$19,tblHolidays[Holiday Date]))
F9: =IF(OR(tblLeave[[#This Row],[From]]="",tblLeave[[#This Row],[To]]=""),"",NETWORKDAYS.INTL(tblLeave[[#This Row],[From]],tblLeave[[#This Row],[To]],Settings!$J$19,tblHolidays[Holiday Date]))
F10: =IF(OR(tblLeave[[#This Row],[From]]="",tblLeave[[#This Row],[To]]=""),"",NETWORKDAYS.INTL(tblLeave[[#This Row],[From]],tblLeave[[#This Row],[To]],Settings!$J$19,tblHolidays[Holiday Date]))
F11: =IF(OR(tblLeave[[#This Row],[From]]="",tblLeave[[#This Row],[To]]=""),"",NETWORKDAYS.INTL(tblLeave[[#This Row],[From]],tblLeave[[#This Row],[To]],Settings!$J$19,tblHolidays[Holiday Date]))
F12: =IF(OR(tblLeave[[#This Row],[From]]="",tblLeave[[#This Row],[To]]=""),"",NETWORKDAYS.INTL(tblLeave[[#This Row],[From]],tblLeave[[#This Row],[To]],Settings!$J$19,tblHolidays[Holiday Date]))
F13: =IF(OR(tblLeave[[#This Row],[From]]="",tblLeave[[#This Row],[To]]=""),"",NETWORKDAYS.INTL(tblLeave[[#This Row],[From]],tblLeave[[#This Row],[To]],Settings!$J$19,tblHolidays[Holiday Date]))
F14: =IF(OR(tblLeave[[#This Row],[From]]="",tblLeave[[#This Row],[To]]=""),"",NETWORKDAYS.INTL(tblLeave[[#This Row],[From]],tblLeave[[#This Row],[To]],Settings!$J$19,tblHolidays[Holiday Date]))
F15: =IF(OR(tblLeave[[#This Row],[From]]="",tblLeave[[#This Row],[To]]=""),"",NETWORKDAYS.INTL(tblLeave[[#This Row],[From]],tblLeave[[#This Row],[To]],Settings!$J$19,tblHolidays[Holiday Date]))
F16: =IF(OR(tblLeave[[#This Row],[From]]="",tblLeave[[#This Row],[To]]=""),"",NETWORKDAYS.INTL(tblLeave[[#This Row],[From]],tblLeave[[#This Row],[To]],Settings!$J$19,tblHolidays[Holiday Date]))
... F54: =IF(OR(tblLeave[[#This Row],[From]]="",tblLeave[[#This Row],[To]]=""),"",NETWORKDAYS.INTL(tblLeave[[#This Row],[From]],tblLeave[[#This Row],[To]],Settings!$J$19,tblHolidays[Holiday Date]))

Sheet Dashboard
A1: Performance Dashboard
A2: =="Live from the Tracker, Scorecard, Task Details and Daily Log. Period "&TEXT(Scorecard!B4,"dd-mmm-yyyy")&" to "&TEXT(Scorecard!B5,"dd-mmm-yyyy")&" (set on the Scorecard). Charts refresh when the workbook recalculates."
A4: Total Tasks | C4: Completed | E4: Open | G4: Overdue | I4: Blocked | K4: On-Time % (all done) | M4: Avg Task Score | O4: Hours Logged (period)
A5: =Scorecard!A8 | C5: =Scorecard!B8 | E5: =Scorecard!C8 | G5: =Scorecard!E8 | I5: =Scorecard!D8 | K5: =IFERROR(COUNTIFS(tblTasks[Delivery Status],"Done On Time")/COUNTIFS(tblTasks[Delivery Status],"Done*"),"-") | M5: =IFERROR(AVERAGE(tblTasks[Task Score]),"-") | O5: =SUMIFS('Daily Log'!$F:$F,'Daily Log'!$A:$A,">="&Scorecard!$B$4,'Daily Log'!$A:$A,"<="&Scorecard!$B$5)
A66: Data behind the charts
A67: Designer | B67: Completed (period) | C67: On-Time % | D67: Avg TAT (days) | E67: Speed | F67: Quality | G67: Commitment | H67: Overall | I67: Rating | J67: Hours Logged (period) | K67: Utilisation (this week)
A68: =Scorecard!A12 | B68: =Scorecard!B12 | C68: =Scorecard!D12 | D68: =Scorecard!C12 | E68: =Scorecard!F12 | F68: =Scorecard!G12 | G68: =Scorecard!H12 | H68: =Scorecard!I12 | I68: =Scorecard!J12 | J68: =IF($A68="","",SUMIFS('Daily Log'!$F:$F,'Daily Log'!$C:$C,$A68,'Daily Log'!$A:$A,">="&Scorecard!$B$4,'Daily Log'!$A:$A,"<="&Scorecard!$B$5)) | K68: =Scorecard!C41
A69: =Scorecard!A13 | B69: =Scorecard!B13 | C69: =Scorecard!D13 | D69: =Scorecard!C13 | E69: =Scorecard!F13 | F69: =Scorecard!G13 | G69: =Scorecard!H13 | H69: =Scorecard!I13 | I69: =Scorecard!J13 | J69: =IF($A69="","",SUMIFS('Daily Log'!$F:$F,'Daily Log'!$C:$C,$A69,'Daily Log'!$A:$A,">="&Scorecard!$B$4,'Daily Log'!$A:$A,"<="&Scorecard!$B$5)) | K69: =Scorecard!C47
A70: =Scorecard!A14 | B70: =Scorecard!B14 | C70: =Scorecard!D14 | D70: =Scorecard!C14 | E70: =Scorecard!F14 | F70: =Scorecard!G14 | G70: =Scorecard!H14 | H70: =Scorecard!I14 | I70: =Scorecard!J14 | J70: =IF($A70="","",SUMIFS('Daily Log'!$F:$F,'Daily Log'!$C:$C,$A70,'Daily Log'!$A:$A,">="&Scorecard!$B$4,'Daily Log'!$A:$A,"<="&Scorecard!$B$5)) | K70: =Scorecard!C53
A71: =Scorecard!A15 | B71: =Scorecard!B15 | C71: =Scorecard!D15 | D71: =Scorecard!C15 | E71: =Scorecard!F15 | F71: =Scorecard!G15 | G71: =Scorecard!H15 | H71: =Scorecard!I15 | I71: =Scorecard!J15 | J71: =IF($A71="","",SUMIFS('Daily Log'!$F:$F,'Daily Log'!$C:$C,$A71,'Daily Log'!$A:$A,">="&Scorecard!$B$4,'Daily Log'!$A:$A,"<="&Scorecard!$B$5)) | K71: =Scorecard!C59
A72: =Scorecard!A16 | B72: =Scorecard!B16 | C72: =Scorecard!D16 | D72: =Scorecard!C16 | E72: =Scorecard!F16 | F72: =Scorecard!G16 | G72: =Scorecard!H16 | H72: =Scorecard!I16 | I72: =Scorecard!J16 | J72: =IF($A72="","",SUMIFS('Daily Log'!$F:$F,'Daily Log'!$C:$C,$A72,'Daily Log'!$A:$A,">="&Scorecard!$B$4,'Daily Log'!$A:$A,"<="&Scorecard!$B$5)) | K72: =Scorecard!C65
A75: Delivery Status | B75: Tasks
A76: Done On Time | B76: =COUNTIFS(tblTasks[Delivery Status],$A76)
A77: Done Late | B77: =COUNTIFS(tblTasks[Delivery Status],$A77)
A78: On Track | B78: =COUNTIFS(tblTasks[Delivery Status],$A78)
A79: Scheduled | B79: =COUNTIFS(tblTasks[Delivery Status],$A79)
A80: Overdue | B80: =COUNTIFS(tblTasks[Delivery Status],$A80)
A81: Blocked | B81: =COUNTIFS(tblTasks[Delivery Status],$A81)
A82: Not Scheduled | B82: =COUNTIFS(tblTasks[Delivery Status],$A82)
A85: Week starting (Mon) | B85: =Scorecard!$A$12 | C85: =Scorecard!$A$13 | D85: =Scorecard!$A$14 | E85: =Scorecard!$A$15 | F85: =Scorecard!$A$16 | G85: Team Total
A86: =TODAY()-WEEKDAY(TODAY(),2)+1-49 | B86: =IF(B$85="","",SUMIFS('Daily Log'!$F:$F,'Daily Log'!$C:$C,B$85,'Daily Log'!$A:$A,">="&$A86,'Daily Log'!$A:$A,"<"&($A86+7))) | C86: =IF(C$85="","",SUMIFS('Daily Log'!$F:$F,'Daily Log'!$C:$C,C$85,'Daily Log'!$A:$A,">="&$A86,'Daily Log'!$A:$A,"<"&($A86+7))) | D86: =IF(D$85="","",SUMIFS('Daily Log'!$F:$F,'Daily Log'!$C:$C,D$85,'Daily Log'!$A:$A,">="&$A86,'Daily Log'!$A:$A,"<"&($A86+7))) | E86: =IF(E$85="","",SUMIFS('Daily Log'!$F:$F,'Daily Log'!$C:$C,E$85,'Daily Log'!$A:$A,">="&$A86,'Daily Log'!$A:$A,"<"&($A86+7))) | F86: =IF(F$85="","",SUMIFS('Daily Log'!$F:$F,'Daily Log'!$C:$C,F$85,'Daily Log'!$A:$A,">="&$A86,'Daily Log'!$A:$A,"<"&($A86+7))) | G86: =SUMIFS('Daily Log'!$F:$F,'Daily Log'!$A:$A,">="&$A86,'Daily Log'!$A:$A,"<"&($A86+7))
A87: =A86+7 | B87: =IF(B$85="","",SUMIFS('Daily Log'!$F:$F,'Daily Log'!$C:$C,B$85,'Daily Log'!$A:$A,">="&$A87,'Daily Log'!$A:$A,"<"&($A87+7))) | C87: =IF(C$85="","",SUMIFS('Daily Log'!$F:$F,'Daily Log'!$C:$C,C$85,'Daily Log'!$A:$A,">="&$A87,'Daily Log'!$A:$A,"<"&($A87+7))) | D87: =IF(D$85="","",SUMIFS('Daily Log'!$F:$F,'Daily Log'!$C:$C,D$85,'Daily Log'!$A:$A,">="&$A87,'Daily Log'!$A:$A,"<"&($A87+7))) | E87: =IF(E$85="","",SUMIFS('Daily Log'!$F:$F,'Daily Log'!$C:$C,E$85,'Daily Log'!$A:$A,">="&$A87,'Daily Log'!$A:$A,"<"&($A87+7))) | F87: =IF(F$85="","",SUMIFS('Daily Log'!$F:$F,'Daily Log'!$C:$C,F$85,'Daily Log'!$A:$A,">="&$A87,'Daily Log'!$A:$A,"<"&($A87+7))) | G87: =SUMIFS('Daily Log'!$F:$F,'Daily Log'!$A:$A,">="&$A87,'Daily Log'!$A:$A,"<"&($A87+7))
A88: =A87+7 | B88: =IF(B$85="","",SUMIFS('Daily Log'!$F:$F,'Daily Log'!$C:$C,B$85,'Daily Log'!$A:$A,">="&$A88,'Daily Log'!$A:$A,"<"&($A88+7))) | C88: =IF(C$85="","",SUMIFS('Daily Log'!$F:$F,'Daily Log'!$C:$C,C$85,'Daily Log'!$A:$A,">="&$A88,'Daily Log'!$A:$A,"<"&($A88+7))) | D88: =IF(D$85="","",SUMIFS('Daily Log'!$F:$F,'Daily Log'!$C:$C,D$85,'Daily Log'!$A:$A,">="&$A88,'Daily Log'!$A:$A,"<"&($A88+7))) | E88: =IF(E$85="","",SUMIFS('Daily Log'!$F:$F,'Daily Log'!$C:$C,E$85,'Daily Log'!$A:$A,">="&$A88,'Daily Log'!$A:$A,"<"&($A88+7))) | F88: =IF(F$85="","",SUMIFS('Daily Log'!$F:$F,'Daily Log'!$C:$C,F$85,'Daily Log'!$A:$A,">="&$A88,'Daily Log'!$A:$A,"<"&($A88+7))) | G88: =SUMIFS('Daily Log'!$F:$F,'Daily Log'!$A:$A,">="&$A88,'Daily Log'!$A:$A,"<"&($A88+7))
A89: =A88+7 | B89: =IF(B$85="","",SUMIFS('Daily Log'!$F:$F,'Daily Log'!$C:$C,B$85,'Daily Log'!$A:$A,">="&$A89,'Daily Log'!$A:$A,"<"&($A89+7))) | C89: =IF(C$85="","",SUMIFS('Daily Log'!$F:$F,'Daily Log'!$C:$C,C$85,'Daily Log'!$A:$A,">="&$A89,'Daily Log'!$A:$A,"<"&($A89+7))) | D89: =IF(D$85="","",SUMIFS('Daily Log'!$F:$F,'Daily Log'!$C:$C,D$85,'Daily Log'!$A:$A,">="&$A89,'Daily Log'!$A:$A,"<"&($A89+7))) | E89: =IF(E$85="","",SUMIFS('Daily Log'!$F:$F,'Daily Log'!$C:$C,E$85,'Daily Log'!$A:$A,">="&$A89,'Daily Log'!$A:$A,"<"&($A89+7))) | F89: =IF(F$85="","",SUMIFS('Daily Log'!$F:$F,'Daily Log'!$C:$C,F$85,'Daily Log'!$A:$A,">="&$A89,'Daily Log'!$A:$A,"<"&($A89+7))) | G89: =SUMIFS('Daily Log'!$F:$F,'Daily Log'!$A:$A,">="&$A89,'Daily Log'!$A:$A,"<"&($A89+7))
A90: =A89+7 | B90: =IF(B$85="","",SUMIFS('Daily Log'!$F:$F,'Daily Log'!$C:$C,B$85,'Daily Log'!$A:$A,">="&$A90,'Daily Log'!$A:$A,"<"&($A90+7))) | C90: =IF(C$85="","",SUMIFS('Daily Log'!$F:$F,'Daily Log'!$C:$C,C$85,'Daily Log'!$A:$A,">="&$A90,'Daily Log'!$A:$A,"<"&($A90+7))) | D90: =IF(D$85="","",SUMIFS('Daily Log'!$F:$F,'Daily Log'!$C:$C,D$85,'Daily Log'!$A:$A,">="&$A90,'Daily Log'!$A:$A,"<"&($A90+7))) | E90: =IF(E$85="","",SUMIFS('Daily Log'!$F:$F,'Daily Log'!$C:$C,E$85,'Daily Log'!$A:$A,">="&$A90,'Daily Log'!$A:$A,"<"&($A90+7))) | F90: =IF(F$85="","",SUMIFS('Daily Log'!$F:$F,'Daily Log'!$C:$C,F$85,'Daily Log'!$A:$A,">="&$A90,'Daily Log'!$A:$A,"<"&($A90+7))) | G90: =SUMIFS('Daily Log'!$F:$F,'Daily Log'!$A:$A,">="&$A90,'Daily Log'!$A:$A,"<"&($A90+7))
A91: =A90+7 | B91: =IF(B$85="","",SUMIFS('Daily Log'!$F:$F,'Daily Log'!$C:$C,B$85,'Daily Log'!$A:$A,">="&$A91,'Daily Log'!$A:$A,"<"&($A91+7))) | C91: =IF(C$85="","",SUMIFS('Daily Log'!$F:$F,'Daily Log'!$C:$C,C$85,'Daily Log'!$A:$A,">="&$A91,'Daily Log'!$A:$A,"<"&($A91+7))) | D91: =IF(D$85="","",SUMIFS('Daily Log'!$F:$F,'Daily Log'!$C:$C,D$85,'Daily Log'!$A:$A,">="&$A91,'Daily Log'!$A:$A,"<"&($A91+7))) | E91: =IF(E$85="","",SUMIFS('Daily Log'!$F:$F,'Daily Log'!$C:$C,E$85,'Daily Log'!$A:$A,">="&$A91,'Daily Log'!$A:$A,"<"&($A91+7))) | F91: =IF(F$85="","",SUMIFS('Daily Log'!$F:$F,'Daily Log'!$C:$C,F$85,'Daily Log'!$A:$A,">="&$A91,'Daily Log'!$A:$A,"<"&($A91+7))) | G91: =SUMIFS('Daily Log'!$F:$F,'Daily Log'!$A:$A,">="&$A91,'Daily Log'!$A:$A,"<"&($A91+7))
A92: =A91+7 | B92: =IF(B$85="","",SUMIFS('Daily Log'!$F:$F,'Daily Log'!$C:$C,B$85,'Daily Log'!$A:$A,">="&$A92,'Daily Log'!$A:$A,"<"&($A92+7))) | C92: =IF(C$85="","",SUMIFS('Daily Log'!$F:$F,'Daily Log'!$C:$C,C$85,'Daily Log'!$A:$A,">="&$A92,'Daily Log'!$A:$A,"<"&($A92+7))) | D92: =IF(D$85="","",SUMIFS('Daily Log'!$F:$F,'Daily Log'!$C:$C,D$85,'Daily Log'!$A:$A,">="&$A92,'Daily Log'!$A:$A,"<"&($A92+7))) | E92: =IF(E$85="","",SUMIFS('Daily Log'!$F:$F,'Daily Log'!$C:$C,E$85,'Daily Log'!$A:$A,">="&$A92,'Daily Log'!$A:$A,"<"&($A92+7))) | F92: =IF(F$85="","",SUMIFS('Daily Log'!$F:$F,'Daily Log'!$C:$C,F$85,'Daily Log'!$A:$A,">="&$A92,'Daily Log'!$A:$A,"<"&($A92+7))) | G92: =SUMIFS('Daily Log'!$F:$F,'Daily Log'!$A:$A,">="&$A92,'Daily Log'!$A:$A,"<"&($A92+7))
A93: =A92+7 | B93: =IF(B$85="","",SUMIFS('Daily Log'!$F:$F,'Daily Log'!$C:$C,B$85,'Daily Log'!$A:$A,">="&$A93,'Daily Log'!$A:$A,"<"&($A93+7))) | C93: =IF(C$85="","",SUMIFS('Daily Log'!$F:$F,'Daily Log'!$C:$C,C$85,'Daily Log'!$A:$A,">="&$A93,'Daily Log'!$A:$A,"<"&($A93+7))) | D93: =IF(D$85="","",SUMIFS('Daily Log'!$F:$F,'Daily Log'!$C:$C,D$85,'Daily Log'!$A:$A,">="&$A93,'Daily Log'!$A:$A,"<"&($A93+7))) | E93: =IF(E$85="","",SUMIFS('Daily Log'!$F:$F,'Daily Log'!$C:$C,E$85,'Daily Log'!$A:$A,">="&$A93,'Daily Log'!$A:$A,"<"&($A93+7))) | F93: =IF(F$85="","",SUMIFS('Daily Log'!$F:$F,'Daily Log'!$C:$C,F$85,'Daily Log'!$A:$A,">="&$A93,'Daily Log'!$A:$A,"<"&($A93+7))) | G93: =SUMIFS('Daily Log'!$F:$F,'Daily Log'!$A:$A,">="&$A93,'Daily Log'!$A:$A,"<"&($A93+7))
A97: Product / Master Task | B97: Product Line | C97: Tasks | D97: Open | E97: Est. Hours | F97: Hours Logged | G97: Avg Progress %
C98: =IF($A98="","",COUNTIFS('Task Details'!$B:$B,$A98)) | D98: =IF($A98="","",C98-COUNTIFS('Task Details'!$B:$B,$A98,'Task Details'!$H:$H,"Done*")) | E98: =IF($A98="","",SUMIFS('Task Details'!$I:$I,'Task Details'!$B:$B,$A98)) | F98: =IF($A98="","",SUMIFS('Task Details'!$K:$K,'Task Details'!$B:$B,$A98)) | G98: =IF($A98="","",IFERROR(AVERAGEIFS('Task Details'!$J:$J,'Task Details'!$B:$B,$A98)/100,"-"))
C99: =IF($A99="","",COUNTIFS('Task Details'!$B:$B,$A99)) | D99: =IF($A99="","",C99-COUNTIFS('Task Details'!$B:$B,$A99,'Task Details'!$H:$H,"Done*")) | E99: =IF($A99="","",SUMIFS('Task Details'!$I:$I,'Task Details'!$B:$B,$A99)) | F99: =IF($A99="","",SUMIFS('Task Details'!$K:$K,'Task Details'!$B:$B,$A99)) | G99: =IF($A99="","",IFERROR(AVERAGEIFS('Task Details'!$J:$J,'Task Details'!$B:$B,$A99)/100,"-"))
C100: =IF($A100="","",COUNTIFS('Task Details'!$B:$B,$A100)) | D100: =IF($A100="","",C100-COUNTIFS('Task Details'!$B:$B,$A100,'Task Details'!$H:$H,"Done*")) | E100: =IF($A100="","",SUMIFS('Task Details'!$I:$I,'Task Details'!$B:$B,$A100)) | F100: =IF($A100="","",SUMIFS('Task Details'!$K:$K,'Task Details'!$B:$B,$A100)) | G100: =IF($A100="","",IFERROR(AVERAGEIFS('Task Details'!$J:$J,'Task Details'!$B:$B,$A100)/100,"-"))
C101: =IF($A101="","",COUNTIFS('Task Details'!$B:$B,$A101)) | D101: =IF($A101="","",C101-COUNTIFS('Task Details'!$B:$B,$A101,'Task Details'!$H:$H,"Done*")) | E101: =IF($A101="","",SUMIFS('Task Details'!$I:$I,'Task Details'!$B:$B,$A101)) | F101: =IF($A101="","",SUMIFS('Task Details'!$K:$K,'Task Details'!$B:$B,$A101)) | G101: =IF($A101="","",IFERROR(AVERAGEIFS('Task Details'!$J:$J,'Task Details'!$B:$B,$A101)/100,"-"))
C102: =IF($A102="","",COUNTIFS('Task Details'!$B:$B,$A102)) | D102: =IF($A102="","",C102-COUNTIFS('Task Details'!$B:$B,$A102,'Task Details'!$H:$H,"Done*")) | E102: =IF($A102="","",SUMIFS('Task Details'!$I:$I,'Task Details'!$B:$B,$A102)) | F102: =IF($A102="","",SUMIFS('Task Details'!$K:$K,'Task Details'!$B:$B,$A102)) | G102: =IF($A102="","",IFERROR(AVERAGEIFS('Task Details'!$J:$J,'Task Details'!$B:$B,$A102)/100,"-"))
C103: =IF($A103="","",COUNTIFS('Task Details'!$B:$B,$A103)) | D103: =IF($A103="","",C103-COUNTIFS('Task Details'!$B:$B,$A103,'Task Details'!$H:$H,"Done*")) | E103: =IF($A103="","",SUMIFS('Task Details'!$I:$I,'Task Details'!$B:$B,$A103)) | F103: =IF($A103="","",SUMIFS('Task Details'!$K:$K,'Task Details'!$B:$B,$A103)) | G103: =IF($A103="","",IFERROR(AVERAGEIFS('Task Details'!$J:$J,'Task Details'!$B:$B,$A103)/100,"-"))
C104: =IF($A104="","",COUNTIFS('Task Details'!$B:$B,$A104)) | D104: =IF($A104="","",C104-COUNTIFS('Task Details'!$B:$B,$A104,'Task Details'!$H:$H,"Done*")) | E104: =IF($A104="","",SUMIFS('Task Details'!$I:$I,'Task Details'!$B:$B,$A104)) | F104: =IF($A104="","",SUMIFS('Task Details'!$K:$K,'Task Details'!$B:$B,$A104)) | G104: =IF($A104="","",IFERROR(AVERAGEIFS('Task Details'!$J:$J,'Task Details'!$B:$B,$A104)/100,"-"))
C105: =IF($A105="","",COUNTIFS('Task Details'!$B:$B,$A105)) | D105: =IF($A105="","",C105-COUNTIFS('Task Details'!$B:$B,$A105,'Task Details'!$H:$H,"Done*")) | E105: =IF($A105="","",SUMIFS('Task Details'!$I:$I,'Task Details'!$B:$B,$A105)) | F105: =IF($A105="","",SUMIFS('Task Details'!$K:$K,'Task Details'!$B:$B,$A105)) | G105: =IF($A105="","",IFERROR(AVERAGEIFS('Task Details'!$J:$J,'Task Details'!$B:$B,$A105)/100,"-"))
C106: =IF($A106="","",COUNTIFS('Task Details'!$B:$B,$A106)) | D106: =IF($A106="","",C106-COUNTIFS('Task Details'!$B:$B,$A106,'Task Details'!$H:$H,"Done*")) | E106: =IF($A106="","",SUMIFS('Task Details'!$I:$I,'Task Details'!$B:$B,$A106)) | F106: =IF($A106="","",SUMIFS('Task Details'!$K:$K,'Task Details'!$B:$B,$A106)) | G106: =IF($A106="","",IFERROR(AVERAGEIFS('Task Details'!$J:$J,'Task Details'!$B:$B,$A106)/100,"-"))
C107: =IF($A107="","",COUNTIFS('Task Details'!$B:$B,$A107)) | D107: =IF($A107="","",C107-COUNTIFS('Task Details'!$B:$B,$A107,'Task Details'!$H:$H,"Done*")) | E107: =IF($A107="","",SUMIFS('Task Details'!$I:$I,'Task Details'!$B:$B,$A107)) | F107: =IF($A107="","",SUMIFS('Task Details'!$K:$K,'Task Details'!$B:$B,$A107)) | G107: =IF($A107="","",IFERROR(AVERAGEIFS('Task Details'!$J:$J,'Task Details'!$B:$B,$A107)/100,"-"))
C108: =IF($A108="","",COUNTIFS('Task Details'!$B:$B,$A108)) | D108: =IF($A108="","",C108-COUNTIFS('Task Details'!$B:$B,$A108,'Task Details'!$H:$H,"Done*")) | E108: =IF($A108="","",SUMIFS('Task Details'!$I:$I,'Task Details'!$B:$B,$A108)) | F108: =IF($A108="","",SUMIFS('Task Details'!$K:$K,'Task Details'!$B:$B,$A108)) | G108: =IF($A108="","",IFERROR(AVERAGEIFS('Task Details'!$J:$J,'Task Details'!$B:$B,$A108)/100,"-"))
C109: =IF($A109="","",COUNTIFS('Task Details'!$B:$B,$A109)) | D109: =IF($A109="","",C109-COUNTIFS('Task Details'!$B:$B,$A109,'Task Details'!$H:$H,"Done*")) | E109: =IF($A109="","",SUMIFS('Task Details'!$I:$I,'Task Details'!$B:$B,$A109)) | F109: =IF($A109="","",SUMIFS('Task Details'!$K:$K,'Task Details'!$B:$B,$A109)) | G109: =IF($A109="","",IFERROR(AVERAGEIFS('Task Details'!$J:$J,'Task Details'!$B:$B,$A109)/100,"-"))
... C112: =IF($A112="","",COUNTIFS('Task Details'!$B:$B,$A112)) | D112: =IF($A112="","",C112-COUNTIFS('Task Details'!$B:$B,$A112,'Task Details'!$H:$H,"Done*")) | E112: =IF($A112="","",SUMIFS('Task Details'!$I:$I,'Task Details'!$B:$B,$A112)) | F112: =IF($A112="","",SUMIFS('Task Details'!$K:$K,'Task Details'!$B:$B,$A112)) | G112: =IF($A112="","",IFERROR(AVERAGEIFS('Task Details'!$J:$J,'Task Details'!$B:$B,$A112)/100,"-"))
A115: Project | B115: Lead PM | C115: Tasks | D115: Open | E115: Completed | F115: Overdue | G115: Est. Hours
A116: =IF(Settings!F5="","",Settings!F5) | B116: =IF($A116="","",Settings!G5&"") | C116: =IF($A116="","",COUNTIFS(tblTasks[Project],$A116)) | D116: =IF($A116="","",C116-E116) | E116: =IF($A116="","",COUNTIFS(tblTasks[Project],$A116,tblTasks[Delivery Status],"Done*")) | F116: =IF($A116="","",COUNTIFS(tblTasks[Project],$A116,tblTasks[Delivery Status],"Overdue")) | G116: =IF($A116="","",SUMIFS(tblTasks[Estimated Effort (Hrs)],tblTasks[Project],$A116))
A117: =IF(Settings!F6="","",Settings!F6) | B117: =IF($A117="","",Settings!G6&"") | C117: =IF($A117="","",COUNTIFS(tblTasks[Project],$A117)) | D117: =IF($A117="","",C117-E117) | E117: =IF($A117="","",COUNTIFS(tblTasks[Project],$A117,tblTasks[Delivery Status],"Done*")) | F117: =IF($A117="","",COUNTIFS(tblTasks[Project],$A117,tblTasks[Delivery Status],"Overdue")) | G117: =IF($A117="","",SUMIFS(tblTasks[Estimated Effort (Hrs)],tblTasks[Project],$A117))
A118: =IF(Settings!F7="","",Settings!F7) | B118: =IF($A118="","",Settings!G7&"") | C118: =IF($A118="","",COUNTIFS(tblTasks[Project],$A118)) | D118: =IF($A118="","",C118-E118) | E118: =IF($A118="","",COUNTIFS(tblTasks[Project],$A118,tblTasks[Delivery Status],"Done*")) | F118: =IF($A118="","",COUNTIFS(tblTasks[Project],$A118,tblTasks[Delivery Status],"Overdue")) | G118: =IF($A118="","",SUMIFS(tblTasks[Estimated Effort (Hrs)],tblTasks[Project],$A118))
A119: =IF(Settings!F8="","",Settings!F8) | B119: =IF($A119="","",Settings!G8&"") | C119: =IF($A119="","",COUNTIFS(tblTasks[Project],$A119)) | D119: =IF($A119="","",C119-E119) | E119: =IF($A119="","",COUNTIFS(tblTasks[Project],$A119,tblTasks[Delivery Status],"Done*")) | F119: =IF($A119="","",COUNTIFS(tblTasks[Project],$A119,tblTasks[Delivery Status],"Overdue")) | G119: =IF($A119="","",SUMIFS(tblTasks[Estimated Effort (Hrs)],tblTasks[Project],$A119))
A120: =IF(Settings!F9="","",Settings!F9) | B120: =IF($A120="","",Settings!G9&"") | C120: =IF($A120="","",COUNTIFS(tblTasks[Project],$A120)) | D120: =IF($A120="","",C120-E120) | E120: =IF($A120="","",COUNTIFS(tblTasks[Project],$A120,tblTasks[Delivery Status],"Done*")) | F120: =IF($A120="","",COUNTIFS(tblTasks[Project],$A120,tblTasks[Delivery Status],"Overdue")) | G120: =IF($A120="","",SUMIFS(tblTasks[Estimated Effort (Hrs)],tblTasks[Project],$A120))
A121: =IF(Settings!F10="","",Settings!F10) | B121: =IF($A121="","",Settings!G10&"") | C121: =IF($A121="","",COUNTIFS(tblTasks[Project],$A121)) | D121: =IF($A121="","",C121-E121) | E121: =IF($A121="","",COUNTIFS(tblTasks[Project],$A121,tblTasks[Delivery Status],"Done*")) | F121: =IF($A121="","",COUNTIFS(tblTasks[Project],$A121,tblTasks[Delivery Status],"Overdue")) | G121: =IF($A121="","",SUMIFS(tblTasks[Estimated Effort (Hrs)],tblTasks[Project],$A121))
A122: =IF(Settings!F11="","",Settings!F11) | B122: =IF($A122="","",Settings!G11&"") | C122: =IF($A122="","",COUNTIFS(tblTasks[Project],$A122)) | D122: =IF($A122="","",C122-E122) | E122: =IF($A122="","",COUNTIFS(tblTasks[Project],$A122,tblTasks[Delivery Status],"Done*")) | F122: =IF($A122="","",COUNTIFS(tblTasks[Project],$A122,tblTasks[Delivery Status],"Overdue")) | G122: =IF($A122="","",SUMIFS(tblTasks[Estimated Effort (Hrs)],tblTasks[Project],$A122))
A123: =IF(Settings!F12="","",Settings!F12) | B123: =IF($A123="","",Settings!G12&"") | C123: =IF($A123="","",COUNTIFS(tblTasks[Project],$A123)) | D123: =IF($A123="","",C123-E123) | E123: =IF($A123="","",COUNTIFS(tblTasks[Project],$A123,tblTasks[Delivery Status],"Done*")) | F123: =IF($A123="","",COUNTIFS(tblTasks[Project],$A123,tblTasks[Delivery Status],"Overdue")) | G123: =IF($A123="","",SUMIFS(tblTasks[Estimated Effort (Hrs)],tblTasks[Project],$A123))
A124: =IF(Settings!F13="","",Settings!F13) | B124: =IF($A124="","",Settings!G13&"") | C124: =IF($A124="","",COUNTIFS(tblTasks[Project],$A124)) | D124: =IF($A124="","",C124-E124) | E124: =IF($A124="","",COUNTIFS(tblTasks[Project],$A124,tblTasks[Delivery Status],"Done*")) | F124: =IF($A124="","",COUNTIFS(tblTasks[Project],$A124,tblTasks[Delivery Status],"Overdue")) | G124: =IF($A124="","",SUMIFS(tblTasks[Estimated Effort (Hrs)],tblTasks[Project],$A124))
A125: =IF(Settings!F14="","",Settings!F14) | B125: =IF($A125="","",Settings!G14&"") | C125: =IF($A125="","",COUNTIFS(tblTasks[Project],$A125)) | D125: =IF($A125="","",C125-E125) | E125: =IF($A125="","",COUNTIFS(tblTasks[Project],$A125,tblTasks[Delivery Status],"Done*")) | F125: =IF($A125="","",COUNTIFS(tblTasks[Project],$A125,tblTasks[Delivery Status],"Overdue")) | G125: =IF($A125="","",SUMIFS(tblTasks[Estimated Effort (Hrs)],tblTasks[Project],$A125))
A126: =IF(Settings!F15="","",Settings!F15) | B126: =IF($A126="","",Settings!G15&"") | C126: =IF($A126="","",COUNTIFS(tblTasks[Project],$A126)) | D126: =IF($A126="","",C126-E126) | E126: =IF($A126="","",COUNTIFS(tblTasks[Project],$A126,tblTasks[Delivery Status],"Done*")) | F126: =IF($A126="","",COUNTIFS(tblTasks[Project],$A126,tblTasks[Delivery Status],"Overdue")) | G126: =IF($A126="","",SUMIFS(tblTasks[Estimated Effort (Hrs)],tblTasks[Project],$A126))
A127: =IF(Settings!F16="","",Settings!F16) | B127: =IF($A127="","",Settings!G16&"") | C127: =IF($A127="","",COUNTIFS(tblTasks[Project],$A127)) | D127: =IF($A127="","",C127-E127) | E127: =IF($A127="","",COUNTIFS(tblTasks[Project],$A127,tblTasks[Delivery Status],"Done*")) | F127: =IF($A127="","",COUNTIFS(tblTasks[Project],$A127,tblTasks[Delivery Status],"Overdue")) | G127: =IF($A127="","",SUMIFS(tblTasks[Estimated Effort (Hrs)],tblTasks[Project],$A127))
... A145: =IF(Settings!F34="","",Settings!F34) | B145: =IF($A145="","",Settings!G34&"") | C145: =IF($A145="","",COUNTIFS(tblTasks[Project],$A145)) | D145: =IF($A145="","",C145-E145) | E145: =IF($A145="","",COUNTIFS(tblTasks[Project],$A145,tblTasks[Delivery Status],"Done*")) | F145: =IF($A145="","",COUNTIFS(tblTasks[Project],$A145,tblTasks[Delivery Status],"Overdue")) | G145: =IF($A145="","",SUMIFS(tblTasks[Estimated Effort (Hrs)],tblTasks[Project],$A145))
A148: Request Funnel | B148: Subtasks
A149: Awaiting approval | B149: =COUNTIFS('Task Funnel'!$O:$O,$A149)
A150: Changes requested | B150: =COUNTIFS('Task Funnel'!$O:$O,$A150)
A151: Approved | B151: =COUNTIFS('Task Funnel'!$O:$O,$A151)
A152: Rejected | B152: =COUNTIFS('Task Funnel'!$O:$O,$A152)
A154: 4E Line | B154: Tasks | C154: Open | D154: Est. Hours | E154: Hours Logged
A155: Evaluate | B155: =COUNTIFS('Task Details'!$Q:$Q,$A155) | C155: =B155-COUNTIFS('Task Details'!$Q:$Q,$A155,'Task Details'!$H:$H,"Done*") | D155: =SUMIFS('Task Details'!$I:$I,'Task Details'!$Q:$Q,$A155) | E155: =SUMIFS('Task Details'!$K:$K,'Task Details'!$Q:$Q,$A155)
A156: Educate | B156: =COUNTIFS('Task Details'!$Q:$Q,$A156) | C156: =B156-COUNTIFS('Task Details'!$Q:$Q,$A156,'Task Details'!$H:$H,"Done*") | D156: =SUMIFS('Task Details'!$I:$I,'Task Details'!$Q:$Q,$A156) | E156: =SUMIFS('Task Details'!$K:$K,'Task Details'!$Q:$Q,$A156)
A157: Experience | B157: =COUNTIFS('Task Details'!$Q:$Q,$A157) | C157: =B157-COUNTIFS('Task Details'!$Q:$Q,$A157,'Task Details'!$H:$H,"Done*") | D157: =SUMIFS('Task Details'!$I:$I,'Task Details'!$Q:$Q,$A157) | E157: =SUMIFS('Task Details'!$K:$K,'Task Details'!$Q:$Q,$A157)
A158: Enable | B158: =COUNTIFS('Task Details'!$Q:$Q,$A158) | C158: =B158-COUNTIFS('Task Details'!$Q:$Q,$A158,'Task Details'!$H:$H,"Done*") | D158: =SUMIFS('Task Details'!$I:$I,'Task Details'!$Q:$Q,$A158) | E158: =SUMIFS('Task Details'!$K:$K,'Task Details'!$Q:$Q,$A158)
A159: GENIE Platform | B159: =COUNTIFS('Task Details'!$Q:$Q,$A159) | C159: =B159-COUNTIFS('Task Details'!$Q:$Q,$A159,'Task Details'!$H:$H,"Done*") | D159: =SUMIFS('Task Details'!$I:$I,'Task Details'!$Q:$Q,$A159) | E159: =SUMIFS('Task Details'!$K:$K,'Task Details'!$Q:$Q,$A159)
A160: Other | B160: =COUNTIFS('Task Details'!$Q:$Q,$A160) | C160: =B160-COUNTIFS('Task Details'!$Q:$Q,$A160,'Task Details'!$H:$H,"Done*") | D160: =SUMIFS('Task Details'!$I:$I,'Task Details'!$Q:$Q,$A160) | E160: =SUMIFS('Task Details'!$K:$K,'Task Details'!$Q:$Q,$A160)
A163: Deliverables done, week of | B163: =Scorecard!$A$12 | C163: =Scorecard!$A$13 | D163: =Scorecard!$A$14 | E163: =Scorecard!$A$15 | F163: =Scorecard!$A$16 | G163: Team Total
A164: =$A$86 | B164: =IF(B$163="","",COUNTIFS('Deliverables'!$B:$B,B$163,'Deliverables'!$H:$H,"Done",'Deliverables'!$I:$I,">="&$A164,'Deliverables'!$I:$I,"<"&($A164+7))) | C164: =IF(C$163="","",COUNTIFS('Deliverables'!$B:$B,C$163,'Deliverables'!$H:$H,"Done",'Deliverables'!$I:$I,">="&$A164,'Deliverables'!$I:$I,"<"&($A164+7))) | D164: =IF(D$163="","",COUNTIFS('Deliverables'!$B:$B,D$163,'Deliverables'!$H:$H,"Done",'Deliverables'!$I:$I,">="&$A164,'Deliverables'!$I:$I,"<"&($A164+7))) | E164: =IF(E$163="","",COUNTIFS('Deliverables'!$B:$B,E$163,'Deliverables'!$H:$H,"Done",'Deliverables'!$I:$I,">="&$A164,'Deliverables'!$I:$I,"<"&($A164+7))) | F164: =IF(F$163="","",COUNTIFS('Deliverables'!$B:$B,F$163,'Deliverables'!$H:$H,"Done",'Deliverables'!$I:$I,">="&$A164,'Deliverables'!$I:$I,"<"&($A164+7))) | G164: =COUNTIFS('Deliverables'!$H:$H,"Done",'Deliverables'!$I:$I,">="&$A164,'Deliverables'!$I:$I,"<"&($A164+7))
A165: =$A$87 | B165: =IF(B$163="","",COUNTIFS('Deliverables'!$B:$B,B$163,'Deliverables'!$H:$H,"Done",'Deliverables'!$I:$I,">="&$A165,'Deliverables'!$I:$I,"<"&($A165+7))) | C165: =IF(C$163="","",COUNTIFS('Deliverables'!$B:$B,C$163,'Deliverables'!$H:$H,"Done",'Deliverables'!$I:$I,">="&$A165,'Deliverables'!$I:$I,"<"&($A165+7))) | D165: =IF(D$163="","",COUNTIFS('Deliverables'!$B:$B,D$163,'Deliverables'!$H:$H,"Done",'Deliverables'!$I:$I,">="&$A165,'Deliverables'!$I:$I,"<"&($A165+7))) | E165: =IF(E$163="","",COUNTIFS('Deliverables'!$B:$B,E$163,'Deliverables'!$H:$H,"Done",'Deliverables'!$I:$I,">="&$A165,'Deliverables'!$I:$I,"<"&($A165+7))) | F165: =IF(F$163="","",COUNTIFS('Deliverables'!$B:$B,F$163,'Deliverables'!$H:$H,"Done",'Deliverables'!$I:$I,">="&$A165,'Deliverables'!$I:$I,"<"&($A165+7))) | G165: =COUNTIFS('Deliverables'!$H:$H,"Done",'Deliverables'!$I:$I,">="&$A165,'Deliverables'!$I:$I,"<"&($A165+7))
A166: =$A$88 | B166: =IF(B$163="","",COUNTIFS('Deliverables'!$B:$B,B$163,'Deliverables'!$H:$H,"Done",'Deliverables'!$I:$I,">="&$A166,'Deliverables'!$I:$I,"<"&($A166+7))) | C166: =IF(C$163="","",COUNTIFS('Deliverables'!$B:$B,C$163,'Deliverables'!$H:$H,"Done",'Deliverables'!$I:$I,">="&$A166,'Deliverables'!$I:$I,"<"&($A166+7))) | D166: =IF(D$163="","",COUNTIFS('Deliverables'!$B:$B,D$163,'Deliverables'!$H:$H,"Done",'Deliverables'!$I:$I,">="&$A166,'Deliverables'!$I:$I,"<"&($A166+7))) | E166: =IF(E$163="","",COUNTIFS('Deliverables'!$B:$B,E$163,'Deliverables'!$H:$H,"Done",'Deliverables'!$I:$I,">="&$A166,'Deliverables'!$I:$I,"<"&($A166+7))) | F166: =IF(F$163="","",COUNTIFS('Deliverables'!$B:$B,F$163,'Deliverables'!$H:$H,"Done",'Deliverables'!$I:$I,">="&$A166,'Deliverables'!$I:$I,"<"&($A166+7))) | G166: =COUNTIFS('Deliverables'!$H:$H,"Done",'Deliverables'!$I:$I,">="&$A166,'Deliverables'!$I:$I,"<"&($A166+7))
A167: =$A$89 | B167: =IF(B$163="","",COUNTIFS('Deliverables'!$B:$B,B$163,'Deliverables'!$H:$H,"Done",'Deliverables'!$I:$I,">="&$A167,'Deliverables'!$I:$I,"<"&($A167+7))) | C167: =IF(C$163="","",COUNTIFS('Deliverables'!$B:$B,C$163,'Deliverables'!$H:$H,"Done",'Deliverables'!$I:$I,">="&$A167,'Deliverables'!$I:$I,"<"&($A167+7))) | D167: =IF(D$163="","",COUNTIFS('Deliverables'!$B:$B,D$163,'Deliverables'!$H:$H,"Done",'Deliverables'!$I:$I,">="&$A167,'Deliverables'!$I:$I,"<"&($A167+7))) | E167: =IF(E$163="","",COUNTIFS('Deliverables'!$B:$B,E$163,'Deliverables'!$H:$H,"Done",'Deliverables'!$I:$I,">="&$A167,'Deliverables'!$I:$I,"<"&($A167+7))) | F167: =IF(F$163="","",COUNTIFS('Deliverables'!$B:$B,F$163,'Deliverables'!$H:$H,"Done",'Deliverables'!$I:$I,">="&$A167,'Deliverables'!$I:$I,"<"&($A167+7))) | G167: =COUNTIFS('Deliverables'!$H:$H,"Done",'Deliverables'!$I:$I,">="&$A167,'Deliverables'!$I:$I,"<"&($A167+7))
A168: =$A$90 | B168: =IF(B$163="","",COUNTIFS('Deliverables'!$B:$B,B$163,'Deliverables'!$H:$H,"Done",'Deliverables'!$I:$I,">="&$A168,'Deliverables'!$I:$I,"<"&($A168+7))) | C168: =IF(C$163="","",COUNTIFS('Deliverables'!$B:$B,C$163,'Deliverables'!$H:$H,"Done",'Deliverables'!$I:$I,">="&$A168,'Deliverables'!$I:$I,"<"&($A168+7))) | D168: =IF(D$163="","",COUNTIFS('Deliverables'!$B:$B,D$163,'Deliverables'!$H:$H,"Done",'Deliverables'!$I:$I,">="&$A168,'Deliverables'!$I:$I,"<"&($A168+7))) | E168: =IF(E$163="","",COUNTIFS('Deliverables'!$B:$B,E$163,'Deliverables'!$H:$H,"Done",'Deliverables'!$I:$I,">="&$A168,'Deliverables'!$I:$I,"<"&($A168+7))) | F168: =IF(F$163="","",COUNTIFS('Deliverables'!$B:$B,F$163,'Deliverables'!$H:$H,"Done",'Deliverables'!$I:$I,">="&$A168,'Deliverables'!$I:$I,"<"&($A168+7))) | G168: =COUNTIFS('Deliverables'!$H:$H,"Done",'Deliverables'!$I:$I,">="&$A168,'Deliverables'!$I:$I,"<"&($A168+7))
A169: =$A$91 | B169: =IF(B$163="","",COUNTIFS('Deliverables'!$B:$B,B$163,'Deliverables'!$H:$H,"Done",'Deliverables'!$I:$I,">="&$A169,'Deliverables'!$I:$I,"<"&($A169+7))) | C169: =IF(C$163="","",COUNTIFS('Deliverables'!$B:$B,C$163,'Deliverables'!$H:$H,"Done",'Deliverables'!$I:$I,">="&$A169,'Deliverables'!$I:$I,"<"&($A169+7))) | D169: =IF(D$163="","",COUNTIFS('Deliverables'!$B:$B,D$163,'Deliverables'!$H:$H,"Done",'Deliverables'!$I:$I,">="&$A169,'Deliverables'!$I:$I,"<"&($A169+7))) | E169: =IF(E$163="","",COUNTIFS('Deliverables'!$B:$B,E$163,'Deliverables'!$H:$H,"Done",'Deliverables'!$I:$I,">="&$A169,'Deliverables'!$I:$I,"<"&($A169+7))) | F169: =IF(F$163="","",COUNTIFS('Deliverables'!$B:$B,F$163,'Deliverables'!$H:$H,"Done",'Deliverables'!$I:$I,">="&$A169,'Deliverables'!$I:$I,"<"&($A169+7))) | G169: =COUNTIFS('Deliverables'!$H:$H,"Done",'Deliverables'!$I:$I,">="&$A169,'Deliverables'!$I:$I,"<"&($A169+7))
A170: =$A$92 | B170: =IF(B$163="","",COUNTIFS('Deliverables'!$B:$B,B$163,'Deliverables'!$H:$H,"Done",'Deliverables'!$I:$I,">="&$A170,'Deliverables'!$I:$I,"<"&($A170+7))) | C170: =IF(C$163="","",COUNTIFS('Deliverables'!$B:$B,C$163,'Deliverables'!$H:$H,"Done",'Deliverables'!$I:$I,">="&$A170,'Deliverables'!$I:$I,"<"&($A170+7))) | D170: =IF(D$163="","",COUNTIFS('Deliverables'!$B:$B,D$163,'Deliverables'!$H:$H,"Done",'Deliverables'!$I:$I,">="&$A170,'Deliverables'!$I:$I,"<"&($A170+7))) | E170: =IF(E$163="","",COUNTIFS('Deliverables'!$B:$B,E$163,'Deliverables'!$H:$H,"Done",'Deliverables'!$I:$I,">="&$A170,'Deliverables'!$I:$I,"<"&($A170+7))) | F170: =IF(F$163="","",COUNTIFS('Deliverables'!$B:$B,F$163,'Deliverables'!$H:$H,"Done",'Deliverables'!$I:$I,">="&$A170,'Deliverables'!$I:$I,"<"&($A170+7))) | G170: =COUNTIFS('Deliverables'!$H:$H,"Done",'Deliverables'!$I:$I,">="&$A170,'Deliverables'!$I:$I,"<"&($A170+7))
A171: =$A$93 | B171: =IF(B$163="","",COUNTIFS('Deliverables'!$B:$B,B$163,'Deliverables'!$H:$H,"Done",'Deliverables'!$I:$I,">="&$A171,'Deliverables'!$I:$I,"<"&($A171+7))) | C171: =IF(C$163="","",COUNTIFS('Deliverables'!$B:$B,C$163,'Deliverables'!$H:$H,"Done",'Deliverables'!$I:$I,">="&$A171,'Deliverables'!$I:$I,"<"&($A171+7))) | D171: =IF(D$163="","",COUNTIFS('Deliverables'!$B:$B,D$163,'Deliverables'!$H:$H,"Done",'Deliverables'!$I:$I,">="&$A171,'Deliverables'!$I:$I,"<"&($A171+7))) | E171: =IF(E$163="","",COUNTIFS('Deliverables'!$B:$B,E$163,'Deliverables'!$H:$H,"Done",'Deliverables'!$I:$I,">="&$A171,'Deliverables'!$I:$I,"<"&($A171+7))) | F171: =IF(F$163="","",COUNTIFS('Deliverables'!$B:$B,F$163,'Deliverables'!$H:$H,"Done",'Deliverables'!$I:$I,">="&$A171,'Deliverables'!$I:$I,"<"&($A171+7))) | G171: =COUNTIFS('Deliverables'!$H:$H,"Done",'Deliverables'!$I:$I,">="&$A171,'Deliverables'!$I:$I,"<"&($A171+7))
A172: Hours per deliverable | B172: =IF(B$163="","",IFERROR(SUMIFS('Task Details'!$K:$K,'Task Details'!$F:$F,B$163,'Task Details'!$U:$U,">1")/SUMIFS('Task Details'!$W:$W,'Task Details'!$F:$F,B$163,'Task Details'!$U:$U,">1"),"-")) | C172: =IF(C$163="","",IFERROR(SUMIFS('Task Details'!$K:$K,'Task Details'!$F:$F,C$163,'Task Details'!$U:$U,">1")/SUMIFS('Task Details'!$W:$W,'Task Details'!$F:$F,C$163,'Task Details'!$U:$U,">1"),"-")) | D172: =IF(D$163="","",IFERROR(SUMIFS('Task Details'!$K:$K,'Task Details'!$F:$F,D$163,'Task Details'!$U:$U,">1")/SUMIFS('Task Details'!$W:$W,'Task Details'!$F:$F,D$163,'Task Details'!$U:$U,">1"),"-")) | E172: =IF(E$163="","",IFERROR(SUMIFS('Task Details'!$K:$K,'Task Details'!$F:$F,E$163,'Task Details'!$U:$U,">1")/SUMIFS('Task Details'!$W:$W,'Task Details'!$F:$F,E$163,'Task Details'!$U:$U,">1"),"-")) | F172: =IF(F$163="","",IFERROR(SUMIFS('Task Details'!$K:$K,'Task Details'!$F:$F,F$163,'Task Details'!$U:$U,">1")/SUMIFS('Task Details'!$W:$W,'Task Details'!$F:$F,F$163,'Task Details'!$U:$U,">1"),"-")) | G172: =IFERROR(SUMIFS('Task Details'!$K:$K,'Task Details'!$U:$U,">1")/SUMIFS('Task Details'!$W:$W,'Task Details'!$U:$U,">1"),"-")

Sheet Task Details
A1: Task Details
A2: Written by Design Task Hub on export. Row 5 here is row 5 on the Tracker. Grey columns link to the Tracker; teal columns come from designers' daily updates.
A4: Task ID | B4: Master Task | C4: Subtask | D4: Task Title | E4: Project | F4: Designer | G4: Status | H4: Delivery Status | I4: Est. Hours | J4: Progress % | K4: Hours Logged | L4: Last Update | M4: Latest Note | N4: Assigned By | O4: Assigned On | P4: Brief / Link | Q4: 4E Line | R4: Master Task Title | S4: Request ID | T4: Approved On | U4: Qty | V4: Unit | W4: Items Done

Sheet Daily Log
A1: Daily Log
A2: One row per designer update per task per day, written by Design Task Hub on export. Hours feed the Dashboard.
A4: Date | B4: Task ID | C4: Designer | D4: Master Task | E4: Subtask | F4: Hours | G4: Progress % | H4: Status | I4: Note | J4: Blocker

Sheet Task Funnel
A1: Task Funnel
A2: Every request PMs submitted, one row per subtask, with your decision. Approved subtasks become Tracker rows (Task ID).
A4: Request ID | B4: Submitted | C4: PM | D4: 4E Line | E4: Product | F4: Project | G4: Master Task | H4: Priority | I4: Subtask | J4: Detail | K4: Designer | L4: Start | M4: End | N4: Est. Hours | O4: Status | P4: Decided On | Q4: Owner Note | R4: Task ID | S4: Qty | T4: Unit

Sheet Deliverables
A1: Deliverables
A2: One row per item inside a batch task (for example each video in a set of 12), written by Design Task Hub on export.
A4: Task ID | B4: Designer | C4: Product | D4: Subtask | E4: Batch | F4: # | G4: Deliverable | H4: Status | I4: Done On | J4: Revisions | K4: Link
